,Reached.on.Time_Y.N
8965,0
5936,1
10656,0
3328,0
9880,0
292,1
3461,1
4161,0
3387,0
10471,0
2392,1
4365,1
1318,1
7645,0
3229,0
4148,0
5538,1
8722,0
9302,0
5013,0
2751,1
5019,0
7767,1
6657,0
7482,0
10923,0
3540,0
6523,0
8727,0
837,1
8581,0
10032,0
4962,1
6518,0
7801,0
4345,0
7933,1
9615,1
9269,1
6113,1
157,1
10568,0
4521,1
1441,1
6130,0
9786,0
8786,1
10950,1
4731,0
2947,1
1963,1
2483,1
8203,0
2963,1
5529,1
10865,0
8515,0
9386,0
7971,0
1543,1
5050,0
9090,0
2932,1
2517,1
9922,1
8685,0
603,1
2956,1
6791,0
393,1
10073,1
2619,1
5155,1
10045,1
6213,1
8974,1
5659,0
7046,1
3520,1
8142,1
5610,0
4716,0
3023,1
7037,0
3527,0
7078,0
401,1
6258,0
1631,1
6884,1
7194,1
5848,0
6715,1
4442,0
10447,1
8620,0
3003,1
9905,1
9784,0
10559,1
5183,1
2067,1
9722,1
1599,1
4001,0
1385,1
9705,0
7924,0
1405,1
809,1
2029,1
10810,0
10215,0
10893,0
8589,0
1702,1
9643,0
8315,1
10973,0
4907,1
6045,0
9084,0
3914,0
1880,1
9412,0
7316,1
9530,1
6794,0
2287,1
10906,1
10682,0
5948,0
6877,1
10216,1
4978,0
1046,1
6044,0
4381,1
9594,0
1568,1
462,1
743,1
222,1
10290,0
4974,0
2485,1
625,1
5882,1
7803,0
2177,1
3708,0
4867,0
5938,0
8997,1
10708,0
8148,0
353,1
4084,1
456,1
3315,1
6964,1
239,1
3148,1
6595,0
5210,0
7894,1
2595,1
5506,1
1018,1
8066,1
9610,0
1760,1
5639,0
9675,1
9346,1
1103,1
9044,0
4049,1
2802,1
3857,1
6992,0
10093,1
10167,1
10369,1
4755,0
4832,0
8879,1
9267,0
8138,1
1034,1
10815,1
4237,0
3458,0
10651,0
906,1
6706,0
7579,0
6920,0
9240,0
7044,1
7130,1
2286,1
10953,1
4367,0
10903,1
7411,1
10220,0
2534,1
3424,1
5137,1
6498,1
10284,1
3574,0
8873,0
1901,1
6682,0
3265,1
1569,1
10857,1
347,1
1242,1
420,1
8332,0
6054,1
9417,0
8778,0
7701,0
9605,0
1031,1
5795,1
2968,1
5885,1
3689,1
3026,1
763,1
7883,1
4004,0
9751,0
1222,1
9251,0
2134,1
2423,1
2676,1
5912,0
9000,0
7666,0
1575,1
509,1
8587,1
3776,0
2304,1
4191,1
3319,0
10575,1
1259,1
4843,1
3002,1
2474,1
711,1
7879,1
10052,1
5809,0
7841,1
10354,0
1372,1
712,1
6604,0
7080,0
9451,0
4201,1
9759,0
1482,1
3884,1
6199,1
9283,0
1794,1
5118,1
1821,1
9654,1
4111,0
4836,1
10098,0
1741,1
1658,1
212,1
5111,1
3079,1
323,1
10372,1
1097,1
9726,1
1359,1
334,1
4635,0
1613,1
4695,1
792,1
233,1
4766,1
3771,0
6927,0
6006,1
9636,1
8339,1
5322,1
4999,0
5902,1
2574,1
2413,1
3264,0
8349,1
4113,1
2522,1
871,1
3717,0
1263,1
1618,1
5753,0
8278,1
4862,1
8420,1
5711,0
7512,1
1220,1
10293,0
1765,1
7075,1
3873,1
10148,1
7474,0
1513,1
3413,0
6586,1
5763,0
2523,1
3060,1
8458,1
4254,1
6080,1
7484,0
9481,0
2110,1
2375,1
8400,0
3059,1
3694,0
2701,1
10691,0
7676,1
9330,1
8725,1
617,1
2576,1
2748,1
9036,0
10095,0
7930,1
9756,1
745,1
8491,1
9828,0
6244,0
6922,1
8346,1
9764,0
1336,1
9711,1
2874,1
4441,1
5466,0
6308,1
4448,0
5886,0
7068,0
1313,1
9926,1
10675,1
3912,1
6560,0
2813,1
6624,0
7216,0
5840,0
8282,0
653,1
8918,1
2269,1
10021,1
9067,0
5775,1
10430,0
4553,1
8367,0
5434,1
611,1
4376,1
2114,1
5076,0
9489,1
9250,1
511,1
9099,1
7553,1
7349,1
8109,1
8214,0
5259,1
7217,0
8408,1
3910,0
6360,1
5186,0
2882,1
3107,1
5221,0
5493,1
10899,0
4718,0
7716,1
1109,1
7048,0
6167,1
1038,1
20,1
8830,1
6227,1
10574,1
8314,1
934,1
4339,0
4393,0
394,1
5464,0
1737,1
2165,1
561,1
3649,0
1162,1
5174,0
3441,0
9934,1
1527,1
842,1
5838,1
58,1
6032,0
10889,0
2291,1
6187,1
7331,0
3487,1
9805,0
3902,0
3677,1
5817,0
4671,1
414,1
10458,1
7344,0
7630,0
3745,0
5903,1
5581,1
2759,1
8062,0
6407,1
8074,0
5561,1
2133,1
1897,1
10202,1
3952,0
8028,0
10303,0
8546,0
8574,1
6711,1
1817,1
1937,1
5140,0
2335,1
2072,1
4688,0
1726,1
1047,1
4879,1
8848,0
2320,1
10350,0
10759,1
7750,1
5417,1
766,1
10710,0
1144,1
5298,0
3746,0
2273,1
3070,1
7713,0
6475,1
7113,0
5153,0
1989,1
9590,0
7223,0
828,1
7890,1
1672,1
3609,1
10349,1
6994,0
3846,0
6088,0
2275,1
8877,1
3015,1
2045,1
5682,1
5716,1
5860,1
1295,1
8849,0
591,1
221,1
6664,0
6854,1
5379,1
858,1
6339,1
3853,1
5678,1
841,1
2815,1
9120,0
5983,1
10061,0
994,1
3721,1
1554,1
3742,1
3297,1
8664,0
5376,0
5740,1
3944,0
10782,1
9604,1
2513,1
9617,1
1463,1
10751,0
3785,0
3397,0
5737,0
2233,1
7708,1
400,1
6792,0
4110,0
10874,1
9928,0
4634,0
7755,0
3017,1
59,1
5551,1
7136,1
4193,1
8069,0
1328,1
4279,0
3021,1
9391,0
10433,1
1550,1
1009,1
2554,1
5961,1
1612,1
2737,1
10115,0
7782,0
7120,0
648,1
879,1
3643,1
2303,1
8411,1
1624,1
550,1
5837,0
8281,1
3399,1
8753,1
8922,1
211,1
3602,1
4783,0
8844,0
8204,1
4762,0
1438,1
2515,1
8022,0
5537,1
9252,0
696,1
7855,1
8003,1
6768,0
8492,0
1314,1
7712,0
9370,0
7808,0
12,1
5508,1
8127,1
6911,0
1346,1
9532,0
453,1
6224,1
1656,1
10742,0
9621,0
10919,1
37,1
1043,1
8255,0
940,1
3233,0
4720,0
3208,0
4313,1
8790,1
538,1
9668,0
2919,1
1400,1
4961,0
3095,1
2267,1
9544,0
6757,0
2470,1
5196,0
3869,0
2861,1
9097,0
4921,0
4587,1
9074,1
8092,1
1108,1
7591,0
9970,1
8977,0
8752,0
5544,1
5714,1
1739,1
10648,0
5589,0
898,1
3206,0
3844,0
6847,1
2876,1
5391,0
3895,0
1563,1
6580,1
4484,0
7800,0
4738,1
9470,0
8739,1
9857,0
10211,1
6502,0
5275,1
3101,1
8402,0
5859,1
2840,1
4394,1
3184,1
9566,1
9946,1
10938,1
2213,1
833,1
7905,0
9775,1
3194,0
4629,0
6138,1
4792,0
10773,0
1743,1
5288,0
3660,0
8532,1
3524,0
9959,0
8279,0
6324,0
2543,1
930,1
7671,0
1197,1
6180,1
7324,0
7704,1
1429,1
7410,1
7763,1
1153,1
7093,1
5143,1
2769,1
5700,1
5553,1
6686,1
964,1
5665,1
9171,1
8556,0
2698,1
9918,1
7376,1
1483,1
8344,1
4202,0
5828,1
10279,1
1426,1
2544,1
5169,1
5654,0
3460,0
3946,1
2178,1
6849,0
9792,1
1057,1
6913,1
5049,1
4127,0
9884,0
6216,0
8842,1
1544,1
4115,1
7640,1
3928,1
4983,1
724,1
9049,1
6106,0
6699,0
1127,1
8507,1
6291,0
6790,0
1586,1
4568,0
4459,0
6443,0
1561,1
4301,0
9422,0
3210,0
10538,1
6700,0
3973,1
5135,0
9141,0
10473,0
9113,1
4418,1
3541,0
7533,1
9490,0
9118,1
3379,1
8663,1
2605,1
7030,0
1392,1
7534,1
752,1
5910,1
10761,1
4863,0
9498,0
9408,0
1777,1
17,1
1770,1
1888,1
9037,1
1642,1
9385,0
2316,1
3652,0
132,1
10380,0
3351,0
4264,0
4638,1
8828,1
1095,1
4353,1
4819,1
527,1
5478,0
2002,1
4626,1
168,1
8386,1
7816,1
4122,0
1919,1
701,1
9487,1
9003,1
7388,1
3782,0
5092,0
6587,1
7304,0
2766,1
8304,0
772,1
1298,1
4582,1
1352,1
2926,1
7283,0
8579,0
1287,1
3123,1
7745,1
9032,1
10360,0
4938,1
2013,1
7528,0
9903,1
5326,1
6444,1
8799,0
2147,1
4667,0
3749,0
3033,1
8147,1
4828,0
9201,0
449,1
3449,1
6153,0
6621,1
3753,0
9319,0
7962,0
810,1
6169,0
8625,1
8793,0
6372,1
2073,1
8513,1
7739,1
7475,1
1477,1
1790,1
2333,1
9812,0
2008,1
682,1
9128,0
10669,0
2859,1
7352,0
57,1
4421,1
5044,0
8116,0
2399,1
9421,0
46,1
30,1
8419,0
9308,1
5663,0
1468,1
1665,1
1416,1
9958,1
2358,1
8456,1
9596,1
3546,1
3669,1
10338,1
4024,0
429,1
6952,0
9646,0
385,1
1945,1
6950,0
4342,1
7153,0
473,1
6323,0
8876,0
3333,1
7375,0
7975,0
578,1
1055,1
2281,1
6386,1
8585,1
4099,0
9081,0
7086,1
3447,0
811,1
8482,0
3582,1
4562,1
5477,1
7066,0
7565,0
3045,1
3032,1
111,1
6718,0
9816,1
3448,0
7844,1
1745,1
10939,0
1452,1
2149,1
319,1
4288,0
10235,0
2673,1
1922,1
7139,0
10842,1
5623,0
5202,1
8803,0
2129,1
7856,1
6607,0
7603,1
3566,0
8628,0
7821,0
6636,0
10402,0
1052,1
5289,0
5058,0
4844,1
99,1
9849,0
1456,1
361,1
812,1
1092,1
4379,0
3145,0
7341,0
4982,0
5211,0
7492,0
7850,0
7514,0
1414,1
540,1
7085,0
4850,1
1146,1
5814,1
754,1
10122,1
7131,1
8449,1
4055,0
8822,0
4802,0
10479,0
3130,1
2957,1
9058,1
5849,1
8143,0
8115,1
100,1
2608,1
6391,0
9681,0
7752,1
9336,0
7207,0
3470,0
6724,0
6923,0
601,1
7977,1
9826,0
4730,0
6906,1
6072,0
7926,0
10204,1
1044,1
8814,1
1557,1
7639,0
1487,1
4536,1
180,1
10120,0
8931,0
2115,1
1699,1
1379,1
3547,1
2404,1
1395,1
10639,1
618,1
7923,1
10836,1
1600,1
9788,0
7251,1
1615,1
7198,1
438,1
4860,0
2083,1
10090,1
4328,1
6245,1
8874,0
5896,0
10388,1
8239,0
7541,0
2545,1
7749,0
9174,0
10453,0
1918,1
9170,1
6264,1
6951,1
6569,1
4640,0
9513,1
2054,1
3437,1
10142,0
2362,1
3014,1
2225,1
5932,0
5606,0
1126,1
9203,0
5605,1
4899,1
6745,0
2444,1
3550,1
1322,1
1603,1
6728,0
8831,1
9488,0
5279,1
8049,1
6182,1
9224,1
6517,1
9232,0
2290,1
10289,0
9957,0
1507,1
6382,0
1559,1
5703,0
6075,0
3692,1
8990,1
4466,1
1836,1
10512,1
3781,0
981,1
9225,0
1354,1
2870,1
45,1
2542,1
104,1
748,1
5898,0
3617,0
6695,0
3881,0
5767,1
10390,1
7319,1
5035,0
535,1
8313,0
10265,0
10088,0
9560,1
2251,1
1025,1
9939,0
6011,1
4617,0
4372,1
5894,1
6434,0
3519,1
6051,1
5198,1
10611,0
6751,1
664,1
10697,0
2889,1
9443,0
2970,1
10051,1
5730,0
4467,0
10877,0
10570,0
3894,0
8824,0
675,1
8171,0
4580,1
7050,0
8294,0
4954,0
8630,1
3035,1
1962,1
1840,1
10867,1
7171,1
6458,1
6875,1
7061,0
3320,1
5931,0
5627,0
10510,1
4681,1
8557,0
5916,0
8384,1
411,1
613,1
847,1
3710,0
10405,0
1430,1
4083,0
10406,0
4826,0
4793,1
4053,0
3463,1
4216,0
1417,1
6914,0
4336,0
604,1
1272,1
6447,0
7737,0
6214,0
3991,0
8257,0
4807,0
247,1
5271,1
2900,1
1982,1
4139,1
8818,1
199,1
8692,1
485,1
2879,1
10341,1
7393,0
8331,0
2823,1
455,1
10779,0
9729,0
3245,1
8060,0
1721,1
4489,1
8019,1
5914,0
9638,0
2794,1
8534,1
7019,0
7076,1
524,1
862,1
2094,1
947,1
5865,1
1444,1
1280,1
10348,0
122,1
5129,1
6601,0
10424,1
10804,1
9315,1
8640,1
2302,1
5702,1
9941,0
8296,1
2004,1
4698,0
9592,0
1005,1
7055,1
7678,0
4091,0
3055,1
2885,1
7431,0
2132,1
5638,0
8401,0
10556,0
4564,0
2057,1
188,1
229,1
10501,0
6984,1
10058,0
7288,1
8854,1
3007,1
5550,1
9223,1
209,1
4096,1
2750,1
7624,1
4246,1
10734,0
280,1
2944,1
6014,0
10331,0
2718,1
9457,1
5805,1
4715,0
1728,1
5082,1
337,1
6074,0
4233,1
2650,1
8994,1
9388,1
8495,1
7637,0
5128,1
9597,0
3482,0
1226,1
4474,1
6572,1
2144,1
9671,0
9396,0
2111,1
7325,0
6827,0
4377,0
5635,0
3110,1
8593,1
1017,1
6232,0
181,1
6495,1
1928,1
5965,0
350,1
4097,0
2201,1
9050,0
1934,1
5803,1
8300,0
10801,1
9746,0
4901,0
6137,1
564,1
1582,1
10212,0
2175,1
8925,0
2540,1
8222,0
5338,1
8866,0
2707,1
3372,1
10860,1
2228,1
1115,1
10702,0
5032,0
4189,0
4081,0
4504,1
6156,0
8149,1
6513,1
9063,1
3429,0
821,1
2063,1
2272,1
10110,0
81,1
1323,1
6811,1
9320,1
1614,1
2697,1
831,1
10101,0
10709,1
6282,1
2420,1
8819,1
10798,0
2833,1
9152,0
7936,0
4100,1
1649,1
4972,1
6001,1
3995,1
6625,0
8570,0
8493,1
10318,0
8291,0
8885,0
2689,1
10584,0
3608,0
749,1
6440,0
2373,1
2442,1
6100,0
7593,0
2758,1
10706,1
7968,0
9211,0
6128,0
7386,1
4597,0
8424,0
10111,0
6472,1
8531,0
5666,0
5856,0
10104,0
6273,0
1139,1
8797,0
2231,1
2164,1
2886,1
6494,0
7774,0
2777,1
7224,0
3686,0
1570,1
172,1
639,1
4395,1
2087,1
3128,1
2400,1
5559,1
1143,1
7699,0
5731,1
8929,1
9230,0
9830,0
1832,1
10135,1
5168,0
7744,1
10053,0
8372,0
5371,1
5582,0
5023,0
6165,1
834,1
2486,1
8246,0
4969,0
6940,1
4089,1
4625,0
5467,0
819,1
65,1
4253,0
6855,1
2024,1
7571,0
354,1
5955,0
4948,0
6234,1
1808,1
9578,1
10297,0
5027,0
8939,1
5015,1
5257,0
5351,1
4137,1
472,1
8067,1
3127,1
3737,0
6418,0
9159,1
7632,1
4852,0
868,1
10562,0
10031,0
8520,1
1506,1
9214,0
7413,1
6226,1
3728,0
7299,0
6081,1
2770,1
10275,1
6879,1
8539,0
4791,1
1075,1
3887,0
7874,0
9384,0
3209,0
5689,0
1399,1
5397,0
10418,1
9413,0
5603,1
5218,1
2379,1
7182,1
1602,1
5254,0
73,1
6681,1
4502,0
5325,0
8146,1
3428,0
8743,1
1101,1
4352,0
10498,0
7785,0
313,1
10839,1
3557,0
4707,0
5770,0
118,1
2022,1
10873,0
4439,1
7702,0
2034,1
8490,0
2856,1
9546,1
4649,0
1219,1
7675,0
10347,1
7978,1
4176,1
2510,1
5224,0
8273,1
9961,1
5471,0
9714,1
10716,0
4420,1
177,1
1643,1
10229,1
5357,1
4224,1
1374,1
1720,1
5123,1
7481,0
2264,1
87,1
7370,0
7440,0
3382,1
6500,0
9574,1
403,1
4347,0
3350,0
9178,0
4112,1
7387,0
8394,1
7955,1
7025,1
7558,1
2456,1
4080,0
7700,1
2214,1
1027,1
10679,0
1421,1
2436,1
8285,0
6772,0
10005,0
1278,1
10417,1
9031,0
2760,1
5982,0
6176,1
8030,1
1978,1
1061,1
10221,1
1425,1
5524,1
8355,0
5613,1
1502,1
10718,1
9499,1
4026,1
4794,1
9632,0
5994,1
678,1
2577,1
10074,0
3098,1
7163,0
8682,0
7743,1
4710,1
102,1
957,1
7363,0
8061,0
6935,0
1070,1
4010,0
2688,1
3919,1
9342,0
9161,1
3392,1
10572,0
10485,1
10301,1
3282,0
5453,0
6341,1
418,1
10928,0
5038,0
6379,1
1947,1
2318,1
7951,0
2299,1
5519,0
5522,1
10832,0
208,1
10028,1
6119,1
4989,0
4461,1
5225,1
528,1
1233,1
779,1
722,1
3941,1
8184,1
5684,0
1860,1
9284,1
10522,1
9754,1
3870,1
1992,1
2332,1
8683,1
9989,0
6478,1
8297,1
3780,0
2021,1
3459,1
428,1
2471,1
7433,1
6141,0
5114,1
5651,0
10105,0
1396,1
1489,1
5935,1
2884,1
4436,0
1042,1
4704,1
573,1
10305,1
257,1
8406,1
9855,0
10712,0
8813,1
2835,1
6076,0
2089,1
3625,1
702,1
3189,1
503,1
6114,1
9715,1
1345,1
10543,0
9398,0
2248,1
6756,1
6071,0
6325,0
372,1
9301,1
7771,0
2006,1
7463,0
9778,0
4918,1
10881,0
1459,1
7381,1
2102,1
997,1
10621,1
10168,0
1176,1
10660,1
551,1
744,1
3298,1
6797,0
3497,1
4335,1
10505,0
4003,0
3936,1
4593,1
4031,0
8677,1
8704,0
8670,1
5262,0
10688,0
6543,0
10624,0
5515,0
6070,1
4256,1
693,1
2533,1
5514,0
3443,0
982,1
5993,1
5281,0
79,1
9265,1
91,1
7888,0
2266,1
5820,0
5735,0
6369,1
261,1
2142,1
3337,0
3691,1
10085,1
6312,0
5577,1
2268,1
445,1
5950,1
5441,0
5419,0
3724,0
6741,0
5199,1
3555,0
9917,0
1598,1
10850,0
1701,1
5459,0
7498,1
4032,0
2526,1
6536,1
4825,1
8748,1
68,1
1168,1
3848,0
48,1
7781,1
1053,1
84,1
3149,0
5636,0
880,1
2651,1
5657,1
2439,1
9942,1
4600,1
6844,1
1467,1
7944,0
4291,1
2441,1
7371,0
6912,1
230,1
1320,1
41,1
3039,1
777,1
10288,0
2372,1
1729,1
9806,0
3578,1
579,1
5871,0
7109,1
7282,1
3078,1
5667,0
8742,1
5284,0
2867,1
1491,1
8686,0
8904,0
61,1
5358,0
3473,0
4896,0
7946,1
402,1
332,1
2084,1
3057,1
6201,0
8256,1
4605,0
164,1
5173,0
2715,1
9960,0
6329,1
6252,0
8241,0
3317,0
8839,1
6837,1
8118,1
9483,0
3934,0
2755,1
6654,1
8768,0
1334,1
8479,1
2864,1
1659,1
8254,0
753,1
3064,1
9678,1
2901,1
6424,0
7610,0
706,1
6956,1
2973,1
10601,1
4281,0
9425,1
3535,0
7772,0
9038,0
9334,0
10863,1
4098,0
10551,1
3151,1
4604,1
10519,0
9896,1
3799,1
4022,0
7222,0
1834,1
1074,1
6627,0
3438,1
5481,0
6758,0
10732,0
2429,1
246,1
3815,1
3632,0
10940,0
2262,1
2246,1
835,1
432,1
7058,0
1173,1
5764,1
6223,0
10537,1
4157,0
10765,1
7199,1
4302,0
4344,0
7766,1
2729,1
10888,0
433,1
8359,0
10452,0
7501,1
8051,0
8233,0
4002,0
1332,1
6390,1
4963,1
1443,1
5697,1
4205,0
5146,0
9787,0
8713,0
2569,1
3666,1
4877,1
2446,1
6987,0
7690,0
9697,0
3172,0
1223,1
4679,0
544,1
1204,1
4454,1
5120,0
10026,1
2637,1
10654,1
10540,1
9168,0
5214,0
9602,1
877,1
8948,1
196,1
10723,1
3383,0
7060,1
7634,0
2997,1
6109,1
2571,1
4770,0
10034,1
10316,1
10046,0
4190,1
8287,1
2682,1
2508,1
4373,0
8083,1
5862,0
1244,1
4503,0
9712,0
4121,0
9471,0
4561,1
5496,0
9028,0
254,1
4412,0
5650,0
9101,0
759,1
654,1
6421,1
3401,1
1420,1
3044,1
2830,1
9116,1
328,1
7286,1
4929,1
3019,1
3029,1
2636,1
7459,1
3018,1
2945,1
3659,0
7428,0
8548,0
8550,0
2663,1
4606,1
1362,1
6096,1
3481,0
10600,0
10835,0
10668,1
10869,1
6804,0
2880,1
3381,0
1302,1
5095,1
9910,0
6017,0
4366,0
8012,0
3235,1
3257,0
8126,0
10004,0
176,1
435,1
4250,1
308,1
1565,1
3964,0
6830,0
8444,0
9026,1
595,1
6437,0
9162,0
2623,1
8370,0
10076,1
231,1
179,1
737,1
7333,0
9724,0
9147,0
10878,0
7021,1
4734,1
1321,1
1995,1
6526,1
8653,1
800,1
9839,0
6921,0
6008,0
69,1
5181,1
6814,0
1680,1
377,1
1469,1
2603,1
4181,0
5138,1
4230,1
3091,1
2726,1
477,1
1329,1
2283,1
8086,0
10615,0
751,1
7746,0
7332,1
6333,0
10081,0
1545,1
10666,0
9431,1
2683,1
8464,1
7510,0
6553,0
3518,1
4332,0
2354,1
773,1
9537,0
9710,0
8730,1
641,1
6306,1
9479,1
6255,1
6143,0
4309,0
865,1
6181,1
10020,0
10876,0
7309,0
8178,1
10808,1
962,1
8167,0
7255,0
4505,1
3309,0
2166,1
363,1
3723,1
2825,1
3597,1
546,1
2940,1
471,1
1641,1
3338,1
8541,0
1172,1
4341,0
10298,0
6843,0
6915,1
7897,0
9841,0
1410,1
5858,0
4847,0
9575,1
9603,1
7974,0
815,1
2131,1
1797,1
3122,1
5380,1
4275,1
10185,1
6742,0
5511,0
10086,0
6084,0
237,1
1532,1
10364,0
4656,1
3410,1
7659,1
10030,1
1535,1
3879,0
1299,1
9682,1
7598,0
1480,1
2793,1
5905,0
10760,1
7346,1
9158,1
7626,1
8802,1
4984,1
3661,0
555,1
1163,1
6061,0
397,1
7107,0
6427,1
9693,0
7612,0
6398,1
6672,0
723,1
300,1
9255,1
4294,0
4397,0
4185,1
5278,0
7607,0
10816,0
3142,1
9837,0
3205,0
9980,1
10533,0
5484,0
7020,1
1152,1
1212,1
7518,0
10678,0
7899,0
5861,0
7886,1
665,1
642,1
10175,1
3767,1
4272,0
4574,0
786,1
7762,0
3202,1
10138,1
4187,0
7013,1
8014,1
2905,1
5333,0
996,1
7234,0
7599,0
5642,1
156,1
6412,1
3085,1
7174,0
7578,0
5062,0
10139,0
3795,0
495,1
2321,1
8898,1
7778,1
151,1
10404,0
5377,1
10035,0
1738,1
3001,1
9776,1
6105,0
5632,0
9924,0
2883,1
3720,0
7034,1
9395,1
7095,1
4822,0
2276,1
343,1
4136,0
7732,0
5130,0
2223,1
4196,0
6399,1
7764,1
8789,1
6123,1
5427,0
10064,0
8358,0
1465,1
2234,1
10629,0
3903,0
6965,0
7405,0
9997,1
9314,1
6127,0
4151,0
5332,0
2121,1
5094,0
8500,0
10516,0
3161,0
2630,1
5928,0
10561,1
6622,0
9889,0
1203,1
10520,0
616,1
1926,1
3114,1
2641,1
9883,0
2562,1
5893,1
2728,1
4693,0
8757,0
2126,1
5226,1
10525,0
8168,0
8968,0
805,1
9773,0
8161,0
4280,0
8971,1
6786,1
4851,1
547,1
26,1
9822,0
3918,1
4486,0
7082,0
4900,0
1221,1
6083,0
2548,1
437,1
5321,1
9321,1
1861,1
2699,1
7195,0
5640,0
2481,1
7049,0
9290,1
2706,1
326,1
2499,1
1004,1
5297,0
5474,0
4011,1
9770,0
534,1
9015,0
3960,0
585,1
9082,1
10741,0
9441,0
5350,0
8337,0
491,1
9933,0
5821,1
4812,1
5736,0
8660,1
3548,1
1916,1
3185,0
9622,1
1910,1
6499,0
7692,0
1133,1
6277,1
2518,1
7681,1
1317,1
4368,1
121,1
8983,0
2449,1
8341,0
5274,1
2601,1
8132,0
8048,1
2173,1
3283,0
4554,1
3605,0
5216,0
9992,0
3768,1
6958,0
4038,0
3502,0
1407,1
10239,1
5601,0
10955,0
2579,1
4672,0
3269,0
10515,1
1867,1
10901,0
5026,0
2521,1
6759,1
1820,1
5431,0
51,1
3888,0
6670,1
3577,0
4565,1
9368,1
8612,0
1858,1
7246,0
10493,0
6101,0
5998,0
10377,0
10157,1
425,1
4284,0
6866,0
5306,1
228,1
9568,1
2741,1
9634,1
5020,0
6497,0
2921,1
9287,0
3653,1
5899,0
8751,0
1128,1
9541,0
2331,1
2208,1
6120,0
9808,1
10159,1
3153,0
5407,1
8921,0
7552,0
10569,0
2374,1
1632,1
8437,0
2298,1
6135,1
4252,0
6740,0
8156,0
8426,0
6351,0
9410,1
6725,1
8160,0
9294,0
4913,1
6515,0
10398,1
10346,0
6746,0
8964,1
2550,1
5156,0
938,1
6208,1
9769,0
6539,0
10700,0
2644,1
9626,0
3165,0
3639,0
9695,1
2061,1
4645,1
9639,1
2812,1
10330,1
9515,0
9908,0
2549,1
8719,1
9448,1
5227,0
4174,0
9642,0
1024,1
4890,0
8368,1
1951,1
9691,1
351,1
9824,1
8926,0
3662,1
6125,1
4657,1
8875,0
3150,0
5234,1
6298,0
7369,0
2939,1
4510,0
1340,1
10319,1
7717,0
8869,0
5617,0
8566,0
5360,1
1583,1
1412,1
5009,0
9640,0
2256,1
8139,0
2212,1
2622,1
6464,1
3624,1
10370,1
4267,0
9899,1
463,1
1754,1
8462,0
5359,1
10531,0
6117,1
378,1
3106,1
1335,1
10667,1
2716,1
6086,0
10983,1
9264,0
6505,0
1811,1
1894,1
8079,0
5331,0
6189,0
1189,1
5727,0
4880,1
3454,1
6451,0
4868,0
10943,1
9341,0
8216,0
4613,0
3992,1
10183,0
1030,1
5652,1
2220,1
3774,0
7464,0
8547,1
1755,1
5206,1
10218,1
4327,1
110,1
8452,1
8158,0
2917,1
1515,1
10401,1
10146,1
9978,0
9263,1
2263,1
8809,1
10475,1
9353,0
7307,0
893,1
1490,1
1850,1
324,1
1215,1
2933,1
4689,0
8117,1
7654,1
9456,1
8029,1
10701,0
1129,1
7768,1
2918,1
3084,1
4588,1
4304,0
2795,1
4845,0
798,1
734,1
4952,0
2244,1
178,1
7100,0
8362,0
1174,1
7118,0
1831,1
8913,1
5235,1
8855,0
1781,1
3201,0
198,1
6934,0
4087,0
548,1
3339,0
10386,1
5572,0
8886,0
5785,1
2532,1
2314,1
8094,0
10071,0
6739,1
66,1
4712,0
3260,1
2572,1
9607,0
8081,1
622,1
1681,1
787,1
3332,0
8302,1
7228,0
3280,1
5766,1
9205,1
5851,0
9528,1
7594,1
478,1
5200,0
6942,0
2647,1
5125,0
6250,0
1033,1
6149,1
2598,1
5046,0
6815,0
10792,1
344,1
9293,0
1871,1
10758,1
6087,0
3986,0
10571,0
2888,1
4623,1
4818,1
220,1
10118,0
5863,1
9172,1
5593,0
5957,1
5337,0
4016,1
5007,0
4248,0
10080,0
7248,0
9236,0
5268,1
8225,0
4241,0
9520,0
10013,0
5958,0
5723,0
2881,1
1677,1
10177,0
901,1
9799,0
2296,1
7584,0
8514,1
296,1
9677,0
4153,0
5339,0
27,1
5824,1
10557,0
8085,0
7111,0
3248,1
8736,1
7220,0
2580,1
5362,1
7877,1
6859,0
1370,1
10841,1
8354,1
6302,0
8207,0
681,1
10740,1
4775,0
3159,0
2987,1
4908,1
1882,1
7104,1
1940,1
3296,1
3534,0
3729,1
7556,1
1181,1
1375,1
6355,1
5547,0
626,1
4758,0
2112,1
7071,0
4950,0
7964,0
8270,1
4180,0
8351,1
6826,1
1462,1
2887,1
6932,1
684,1
4539,0
4514,1
8478,0
8676,0
1366,1
3916,1
10786,0
2639,1
10416,1
9953,0
8843,0
2300,1
4787,1
2938,1
6933,1
9539,0
8443,0
1979,1
3803,0
4534,1
5516,1
5272,0
7837,0
9730,1
8271,1
4800,1
2280,1
5400,0
5595,1
4469,1
8107,0
4130,0
7366,1
10790,0
1784,1
3182,1
494,1
5426,0
9122,0
5066,0
2860,1
10958,1
4041,1
8629,1
2897,1
366,1
849,1
6326,0
5384,1
6532,1
5236,0
2653,1
3503,0
1541,1
5070,0
9772,0
322,1
2031,1
813,1
2528,1
10323,0
8604,0
10126,0
1079,1
2226,1
10060,1
6803,0
2705,1
8247,1
10581,0
1164,1
3261,1
9645,0
1450,1
4229,1
3862,0
7414,1
9356,1
3917,0
5960,1
8986,0
7948,0
8046,0
9047,0
4056,1
10890,1
2999,1
9940,0
1231,1
1514,1
2313,1
1451,1
6247,1
8525,0
9393,1
4321,1
6822,1
838,1
10904,1
6590,1
8391,0
9360,1
3567,1
10200,1
3087,1
9523,1
10770,1
4692,1
1714,1
4270,1
339,1
8187,1
7854,1
10812,1
8970,0
5979,1
588,1
3365,1
2670,1
3589,1
34,1
28,1
2395,1
9968,0
5584,0
2170,1
7466,1
5683,0
889,1
7895,0
3322,1
10344,1
3514,1
5381,0
9191,1
10769,0
3733,0
5728,0
10421,1
8399,1
4528,0
1654,1
9472,0
6134,1
223,1
9502,0
5399,1
4239,1
1590,1
7271,0
3256,0
6286,0
7810,1
2181,1
6098,0
8236,0
10483,0
8023,0
8223,0
4817,0
5836,1
5504,0
1209,1
421,1
9633,0
1706,1
1158,1
2306,1
273,1
171,1
3956,0
4865,0
6260,0
3188,0
1725,1
9548,0
8498,1
1564,1
1782,1
843,1
10291,1
8979,1
904,1
7189,0
10644,1
6237,0
1547,1
2080,1
5470,1
3985,1
7760,0
6394,1
7522,0
7990,1
9035,1
7172,0
3820,0
2646,1
5425,1
8451,1
6221,0
7958,0
8360,1
4350,0
8883,1
2155,1
8163,1
3715,1
4057,0
7949,0
9140,0
7237,0
5747,0
3102,1
558,1
6697,1
5328,0
1436,1
507,1
4472,1
1869,1
755,1
10546,1
4050,1
6414,1
3836,0
4386,1
5680,0
2118,1
8068,1
729,1
501,1
5273,0
7608,1
6062,0
1539,1
7458,1
1211,1
10044,0
672,1
4915,0
5267,1
3377,0
4476,0
9683,0
1464,1
4745,0
9833,0
1192,1
3793,0
1872,1
3590,0
8180,0
9129,1
505,1
243,1
506,1
9021,0
10165,0
9912,0
5611,1
5688,0
6092,0
1773,1
9029,0
8655,1
5981,0
9011,0
797,1
3618,0
2381,1
2829,1
10261,1
9629,0
4633,0
312,1
746,1
3569,0
790,1
2476,1
10269,0
2570,1
6459,1
9982,1
4355,0
2163,1
8000,1
8072,0
380,1
10917,0
1292,1
1912,1
5608,1
599,1
3892,1
4141,1
1652,1
6735,1
1893,1
1944,1
3395,0
6685,1
4362,0
10749,1
375,1
1966,1
3957,0
9667,0
4423,1
1243,1
8892,0
6507,1
9480,0
6462,0
1471,1
3346,0
4522,1
7602,0
2853,1
4506,0
10435,0
9901,0
10755,0
7847,1
4062,1
10381,0
5846,1
4306,0
10914,0
5943,0
8496,0
6442,1
3990,0
1049,1
8817,1
6510,0
8834,1
2035,1
4039,0
6388,1
6330,1
10300,1
1972,1
5816,0
2099,1
1499,1
5205,1
7573,1
652,1
170,1
4085,1
242,1
6955,1
4371,0
1644,1
2756,1
8957,1
6646,1
5231,0
2076,1
4103,0
10523,1
7605,0
4801,0
5908,1
5969,1
6765,1
10780,0
7338,0
10321,1
5798,0
6529,1
6821,1
9165,0
4661,0
4078,0
9304,1
640,1
1270,1
2778,1
8776,1
4932,0
1985,1
3861,1
3480,0
1534,1
325,1
2338,1
3980,0
8283,0
6384,1
4054,1
2237,1
5229,0
8414,1
4571,0
10642,1
5781,0
864,1
6929,1
4942,0
9851,1
6343,1
371,1
7652,0
6773,0
6969,1
5761,1
7176,1
10224,0
6754,1
2364,1
3213,1
911,1
9964,0
9606,0
3789,0
7945,0
9279,0
7953,1
7231,1
5060,1
1423,1
10788,0
479,1
662,1
7627,1
9895,0
10787,0
2988,1
1119,1
2776,1
4535,1
6778,1
6095,0
8090,0
8836,0
5269,1
4427,0
8602,0
5247,0
5825,0
3981,0
7719,0
2893,1
2669,1
3977,1
6425,0
279,1
8761,0
8658,0
7416,1
8366,0
5197,0
8951,0
1694,1
9819,0
5018,0
3479,0
4416,0
10249,1
4155,0
4883,1
7532,1
6503,0
9495,0
8796,0
4296,1
10637,0
4683,0
9277,0
2209,1
8699,0
5402,1
6713,1
4563,1
184,1
5852,0
8961,0
4516,0
2350,1
553,1
1397,1
1384,1
6377,1
9071,0
4903,0
297,1
443,1
10690,0
5215,1
9965,0
2077,1
4751,0
8812,0
2229,1
2842,1
2537,1
7606,1
9142,0
7272,0
7824,0
3367,0
9720,1
2578,1
1131,1
5491,0
5872,0
8530,0
320,1
1371,1
4042,0
5609,1
9262,0
907,1
7250,0
3950,0
10491,0
9793,1
8141,1
6066,1
8310,0
7402,1
9254,1
926,1
7524,0
15,1
143,1
2363,1
129,1
1161,1
7145,0
7444,1
7981,0
6289,1
6145,0
5458,0
8995,0
5308,1
1876,1
2488,1
5790,1
4479,1
1182,1
7452,1
10921,1
1170,1
7493,0
2182,1
5549,1
3371,0
8937,1
1859,1
5924,1
5843,1
7503,0
7724,1
7998,1
3588,0
6858,1
3121,1
387,1
1311,1
1032,1
8827,0
10752,0
4936,1
931,1
6037,1
4019,1
691,1
6705,0
8099,1
829,1
3498,0
2081,1
9818,1
10394,1
44,1
3939,0
6423,0
8043,0
4319,0
2965,1
3969,0
1187,1
9868,1
6482,1
284,1
9779,1
4159,1
3092,1
6953,0
4556,0
5583,1
4323,1
6717,0
6501,1
3364,1
1404,1
3195,1
6263,1
969,1
3734,1
925,1
10455,1
8198,0
4725,0
10916,0
2851,1
9089,0
6321,1
7456,1
9771,1
8811,0
4471,1
6280,0
4348,0
9892,0
8860,1
3626,1
1789,1
9383,0
2059,1
8330,1
5758,0
4013,0
1902,1
4686,1
6802,0
4922,1
8309,1
75,1
2345,1
6691,0
430,1
4586,0
5483,0
9950,0
6147,1
9943,0
8999,0
8460,0
1553,1
240,1
783,1
10970,0
3066,1
977,1
4905,1
2941,1
5768,1
6562,1
5762,1
6611,1
1620,1
7731,1
2146,1
1801,1
2095,1
7383,0
8917,0
1357,1
8950,0
7356,0
9209,0
5830,0
9083,1
7317,1
10920,1
9666,0
8697,0
1609,1
3096,1
6753,1
2415,1
2017,1
7318,0
4125,1
5375,1
10783,1
10549,0
3246,1
124,1
7802,1
10282,1
10544,0
840,1
10083,0
3341,0
598,1
2123,1
5512,1
7268,0
8678,1
7625,0
8382,0
10635,1
2197,1
4051,1
7361,0
3362,1
2501,1
725,1
9125,1
978,1
808,1
6178,0
1475,1
8277,1
5729,0
6749,0
4906,0
10884,0
9952,1
4930,0
4542,0
3962,0
7799,1
5980,0
1235,1
1225,1
1764,1
7620,0
10681,0
6209,1
5719,1
3217,1
287,1
6662,0
2966,1
3164,1
7297,0
9794,0
1657,1
1975,1
2397,1
452,1
2710,1
5718,1
3681,0
422,1
7918,1
5316,0
657,1
3301,1
9929,0
2845,1
9119,1
8643,1
5244,0
1001,1
4198,1
2418,1
875,1
9136,0
3847,1
961,1
1580,1
9009,1
2206,1
7670,0
8928,1
10911,0
4231,1
757,1
4866,1
5406,1
5313,0
2284,1
8104,0
5792,0
5507,0
5309,1
4827,0
6159,1
807,1
7209,0
8770,1
1956,1
2445,1
7150,1
9004,0
10649,0
9001,0
2402,1
9198,1
1073,1
7976,0
4240,1
5436,0
9366,1
2091,1
4527,1
1698,1
8229,1
9242,0
8981,1
5756,1
8260,1
1003,1
10018,0
10490,0
6483,0
4651,0
10846,0
1485,1
10196,0
5368,1
1411,1
10385,0
10003,1
9401,1
709,1
6004,1
3603,0
985,1
3076,1
7185,1
5077,0
4101,0
7439,0
2722,1
10306,0
1268,1
2462,1
6669,0
268,1
3580,0
4750,1
6533,1
6022,0
10610,1
9381,1
2821,1
6637,1
589,1
7242,0
9898,0
7698,1
8102,0
8949,0
8732,1
2037,1
9716,1
7658,1
8649,1
2028,1
8244,0
677,1
7757,0
1232,1
5454,0
10203,1
8608,0
7219,1
4856,0
6653,0
2432,1
7677,0
7432,1
7337,0
7580,0
6162,1
896,1
1611,1
8903,0
6452,1
6726,1
1719,1
3806,1
7320,1
6760,1
4701,0
3961,1
6615,0
5557,0
5564,1
8563,0
890,1
7653,0
9920,1
4006,0
7261,1
6215,0
8317,0
5819,1
8231,0
7018,1
2799,1
10029,1
584,1
3268,1
3932,0
4965,1
1260,1
9854,1
310,1
1716,1
7348,1
7542,1
8448,1
4668,0
4298,0
3783,0
1008,1
9194,0
2185,1
3623,0
10767,0
5999,1
10647,1
7423,1
6761,1
4834,1
7262,1
4756,1
6188,1
90,1
7263,0
7793,1
1326,1
6832,0
8862,0
2117,1
2937,1
7818,1
983,1
8334,0
6487,1
9476,0
2925,1
6571,1
3214,0
5884,0
7828,1
7672,1
8969,0
8376,0
8708,1
5972,1
627,1
6688,0
4947,0
5080,0
4244,1
10858,0
4765,1
1601,1
10565,0
1269,1
128,1
7485,0
1711,1
4182,0
7853,1
4235,1
6334,0
2398,1
10067,1
6634,0
7364,1
10382,0
1186,1
9579,1
10774,0
7306,1
1977,1
5314,1
10875,0
4247,0
8740,0
915,1
1305,1
9259,0
3049,1
10481,0
1273,1
5698,0
8944,1
2796,1
1398,1
3358,1
183,1
7559,0
6939,0
7436,0
6492,0
7497,0
8353,0
4567,0
8454,0
8935,0
2656,1
9145,1
4305,0
1961,1
4992,0
4891,0
5815,1
5869,0
7753,0
10434,0
10986,1
10971,0
7846,1
1251,1
3176,1
5072,0
3359,1
7644,1
6678,1
9008,0
7957,0
3289,0
7829,1
9618,0
3190,0
6888,1
8289,0
1051,1
4069,0
7415,1
6774,1
272,1
2042,1
4763,0
6060,1
6347,0
6455,1
1086,1
7067,0
8638,1
6673,1
8122,1
9761,0
4322,0
8326,0
8781,0
5831,1
6831,0
6733,0
10195,1
7508,0
4709,0
6901,0
8980,0
6867,1
9542,0
3478,1
8421,1
3924,1
1748,1
732,1
2553,1
6661,0
6027,0
2662,1
9440,0
7105,0
3113,1
3303,0
1344,1
9694,1
1690,1
10592,1
9577,1
5048,0
6148,0
3308,0
1504,1
1806,1
7582,1
6554,0
3791,1
5217,0
10310,1
10480,1
1067,1
7187,1
10448,0
6861,0
2696,1
1848,1
4512,1
10170,0
2431,1
4660,1
3435,0
8398,1
10326,0
142,1
5586,0
9656,0
10227,0
6752,1
5290,1
6431,1
3409,0
1117,1
1756,1
497,1
6319,0
870,1
3357,1
912,1
721,1
2805,1
10934,1
886,1
10563,1
10426,1
9154,1
8459,1
1520,1
10378,1
2746,1
9359,0
8975,0
314,1
1799,1
327,1
9564,0
4204,1
5850,1
5447,1
3129,1
1996,1
8192,0
3968,1
6991,0
6727,0
1973,1
336,1
2764,1
8940,0
275,1
2985,1
6887,1
9698,1
3477,0
6395,1
3558,0
6810,0
2809,1
10033,0
4861,1
8009,0
7822,1
5246,0
3416,0
307,1
3908,0
8388,0
348,1
5918,0
826,1
5296,1
10460,1
8872,0
4482,0
8765,0
3682,1
7152,1
9231,0
2053,1
10577,1
71,1
9832,0
8364,1
8972,0
8998,0
5356,1
1666,1
5570,0
7515,0
7862,0
7669,0
1445,1
8775,0
6856,1
1695,1
2892,1
10995,0
1574,1
8176,1
3203,0
4405,0
1630,1
9266,0
1881,1
5112,1
5708,0
5074,0
7472,1
9723,0
6817,0
848,1
7289,0
7517,1
7143,1
2877,1
186,1
3779,1
1830,1
8890,0
2959,1
10616,1
7748,0
5446,0
1234,1
7260,1
3915,0
446,1
5839,1
844,1
5201,1
9461,0
6594,0
2440,1
3103,1
9455,1
4774,0
10521,0
6094,0
1294,1
6194,0
5518,0
9931,1
5067,0
3442,0
9298,0
8511,0
10731,0
7417,1
776,1
10692,0
2153,1
5558,0
4920,1
6545,0
10450,0
8365,1
3136,0
9278,1
5462,1
7876,1
8936,0
3183,0
10689,0
1943,1
3199,0
8369,1
1289,1
4581,0
7919,1
9845,0
10504,0
8215,0
4106,1
4126,1
10408,0
3966,1
1879,1
9350,0
10237,0
6605,0
5457,1
10887,1
3587,0
9684,0
3865,0
2148,1
4131,1
1036,1
636,1
6723,0
4134,0
6520,1
1083,1
861,1
5212,0
903,1
191,1
109,1
6026,1
4455,0
1942,1
6577,0
4331,1
9757,0
9405,0
5927,0
2040,1
10342,1
8267,0
4878,1
4659,1
7784,0
2775,1
4145,0
2323,1
762,1
5921,0
2617,1
2411,1
1094,1
6065,0
7500,0
4589,1
6034,1
9755,1
3135,0
6930,1
5040,0
10144,0
5428,0
3805,0
884,1
2654,1
6486,0
7516,0
10154,0
464,1
1257,1
8710,0
9180,0
4274,0
5192,1
7258,1
10661,0
6231,1
5300,0
2202,1
10396,1
7729,1
1262,1
6524,1
975,1
9740,0
5866,1
4925,0
941,1
5263,1
4723,0
2387,1
10705,0
5021,0
4391,1
5148,1
3221,1
3882,1
9169,1
10392,1
8057,1
9947,1
5953,1
2789,1
944,1
9815,0
1857,1
9552,0
4108,0
5213,1
9372,0
3255,1
2690,1
7015,1
4627,0
9653,0
1319,1
8348,0
10868,0
5162,0
8840,0
9553,0
10280,0
7585,1
3475,1
3505,0
4749,0
2477,1
6693,1
8047,0
8559,0
4501,0
9213,1
10851,1
6336,1
8221,0
1874,1
9375,0
6904,0
10391,0
5096,1
2904,1
570,1
1448,1
7252,1
7589,0
7711,0
8596,0
10124,0
5841,1
7985,0
3226,1
10721,0
7303,0
3978,1
4383,0
5834,1
8729,0
8450,0
3539,0
6926,1
9871,0
9796,0
7135,0
5681,0
2827,1
5780,1
3634,0
4996,1
1338,1
3262,0
7756,1
7302,0
5741,1
650,1
6039,0
2902,1
2258,1
5395,1
9404,0
7434,0
3521,0
2730,1
10809,1
4478,1
5660,0
1596,1
67,1
2584,1
6641,1
6281,1
3196,0
8750,0
5327,0
8746,0
6561,0
1258,1
6448,0
6350,0
9382,0
991,1
3504,0
113,1
919,1
2509,1
10353,0
165,1
6429,1
7838,1
4603,1
8037,1
9365,0
949,1
4594,1
6973,0
3770,0
2506,1
5107,1
2850,1
6000,0
7889,1
10977,0
7051,1
9160,1
4446,1
5794,1
4460,0
9690,1
2505,1
1114,1
9243,1
298,1
1675,1
3347,1
6170,1
2735,1
5669,0
10747,0
4988,0
9909,0
7087,1
7149,1
4325,1
10152,1
7191,1
4550,1
6576,0
7649,1
8825,1
2103,1
5336,1
7819,0
3759,0
8615,0
1837,1
8859,0
9609,1
10411,0
5710,1
607,1
7336,0
1093,1
6623,1
10205,0
9875,0
4487,0
160,1
203,1
3940,0
10930,0
6103,0
4933,1
2934,1
1814,1
2435,1
1230,1
9559,1
3046,1
5705,0
10628,0
10299,0
9996,0
7780,0
4251,1
6111,1
10472,0
6204,1
3293,0
4034,0
2725,1
4290,1
4334,0
7211,1
3877,1
6205,1
8188,0
6865,0
4753,0
4886,0
857,1
370,1
9217,0
2561,1
3801,0
2640,1
5455,0
6829,0
4490,0
2347,1
649,1
2781,1
10699,0
9407,0
9562,0
5944,0
10109,1
615,1
9295,0
2575,1
53,1
7566,1
3340,1
8374,0
1705,1
9977,1
10847,1
1493,1
5876,0
10960,0
6870,0
803,1
4953,1
1812,1
8412,1
990,1
2774,1
9916,0
7794,0
3513,1
6684,1
9246,0
219,1
6762,0
1288,1
3163,0
4678,0
2618,1
3612,0
43,1
8823,0
7942,0
3792,0
3571,0
10978,0
1503,1
6779,1
10813,1
3439,1
1892,1
10609,0
10266,0
5255,0
1955,1
5167,0
4814,0
7613,1
6460,0
1505,1
670,1
6491,1
9814,0
1085,1
897,1
7507,0
6239,1
2666,1
3193,1
2890,1
6003,0
8422,1
10179,0
2621,1
6202,1
7680,0
7488,1
7243,0
5813,0
2,1
5970,0
2370,1
3804,1
1769,1
9362,0
9984,1
6079,0
531,1
9500,0
9529,0
6476,0
9781,1
7384,1
3120,1
9937,1
6259,1
731,1
3406,1
2339,1
5991,1
6328,1
7256,0
9260,1
2565,1
2581,1
9016,1
8165,1
9399,0
10564,1
7267,1
9887,0
1255,1
2104,1
9628,1
8140,0
9648,0
10075,1
4994,1
9881,0
8261,1
5057,0
7116,1
4434,0
3484,0
10451,1
5318,0
3816,0
6975,0
9810,1
2546,1
9010,1
6479,0
1621,1
10373,1
7663,0
7588,1
9809,1
1096,1
8144,0
10133,0
10439,1
5499,0
2463,1
9738,0
3700,1
1788,1
250,1
6314,0
10259,0
7523,1
10488,1
192,1
820,1
10599,0
6959,0
8471,1
9713,0
4400,1
8379,1
5388,0
4166,0
7039,0
4951,0
2687,1
4390,0
7132,1
10998,0
4927,0
8191,0
5552,0
2607,1
8624,0
238,1
4015,1
10198,0
2977,1
6957,1
7965,0
7403,0
5473,0
945,1
7791,1
8745,1
5097,1
9963,1
6055,0
6473,0
8237,0
7070,0
3552,0
10966,0
3360,1
7786,1
5628,0
2410,1
5783,1
4507,1
9309,1
3982,1
7077,1
146,1
8089,1
2294,1
2253,1
3611,1
5353,1
1736,1
9660,0
8733,1
114,1
10267,0
6126,0
6890,0
10432,1
498,1
6559,1
6378,0
4733,0
720,1
4384,0
9747,1
7447,1
7448,0
3089,1
8484,1
484,1
10915,0
596,1
10010,1
7406,0
7360,0
5164,0
10068,0
1647,1
10302,1
10578,0
2700,1
8600,0
1700,1
9853,0
5404,1
8480,1
7212,1
2942,1
6557,1
7293,0
6219,1
9582,1
86,1
2308,1
2677,1
9045,0
9024,1
2594,1
7834,1
1029,1
136,1
1236,1
6240,0
7460,1
2854,1
4409,0
1200,1
6121,0
4717,0
10477,1
10880,0
566,1
8731,0
5933,0
5430,0
5868,0
6296,0
3927,1
6195,0
7362,0
8693,0
6902,1
7995,0
8794,0
7952,0
9820,1
9156,1
2330,1
3515,0
2187,1
195,1
9322,0
6908,0
5059,0
802,1
5715,1
9452,1
9419,0
6598,0
241,1
2068,1
7047,1
10728,0
644,1
10322,1
5103,1
5460,0
1637,1
120,1
5873,0
2981,1
5069,1
3074,1
9836,0
3278,0
2135,1
7707,1
4970,0
7529,1
134,1
4351,0
5324,0
10613,1
10334,0
2559,1
62,1
10946,1
1358,1
7966,1
7812,0
8583,1
2467,1
679,1
2041,1
741,1
5307,0
6266,1
8196,0
3641,1
444,1
8991,0
3258,1
4663,1
1873,1
10963,1
2596,1
1717,1
2912,1
2843,1
4027,0
5488,1
9512,0
4485,1
2556,1
6864,0
489,1
493,1
690,1
7920,0
3821,1
602,1
1911,1
1014,1
7476,1
1993,1
7023,1
3757,1
6647,1
9377,1
2366,1
5283,1
4370,0
2686,1
1573,1
1361,1
7276,1
1526,1
1327,1
10799,1
10719,0
1551,1
7907,0
10662,0
1337,1
3901,1
3010,1
5041,0
9728,0
2250,1
8263,1
8463,1
5039,1
2346,1
10219,1
5485,1
9774,1
2784,1
5694,1
5119,0
5166,1
5555,0
5599,1
8124,0
150,1
2804,1
7148,0
2086,1
3751,0
5612,0
2259,1
4017,1
7425,0
7365,0
2424,1
4138,0
3856,0
859,1
5367,0
2962,1
9048,0
8543,0
9432,1
4739,0
9465,0
4462,1
5528,0
1364,1
1779,1
7144,0
4785,0
7798,0
1818,1
369,1
4937,0
2704,1
5285,0
175,1
6405,0
8634,0
2093,1
10618,1
3491,0
1920,1
82,1
816,1
10827,0
1091,1
4396,1
2928,1
5568,1
283,1
6124,1
4120,0
8788,0
609,1
2915,1
1813,1
1271,1
7203,0
10566,0
2994,1
8417,0
8153,0
6409,0
6104,1
9144,0
2642,1
7972,0
4508,1
2305,1
7910,0
7609,0
4195,0
5562,0
4840,1
4655,0
9790,1
4168,0
3849,1
10830,0
9247,1
5253,1
10536,1
5533,1
2414,1
3554,1
4691,0
4498,0
2195,1
5045,0
2600,1
6163,0
6373,1
1518,1
4764,1
4314,1
3366,1
6058,0
7372,0
8005,0
6309,0
2633,1
5755,1
5633,0
9022,0
5922,0
10244,0
9689,1
2434,1
9216,0
3275,1
10766,0
8042,1
6064,1
4520,0
5587,0
3545,1
7254,1
7284,0
9706,0
5531,1
5444,0
517,1
7422,0
6160,0
8274,1
10000,0
8902,1
7792,1
1415,1
4664,1
4456,1
2761,1
6974,1
6481,0
5911,0
6547,0
4855,0
10078,1
127,1
3474,0
6358,1
8899,0
4310,0
2438,1
3765,1
9102,0
7173,1
6432,0
7110,0
7549,0
10750,0
1473,1
6340,1
4821,1
18,1
3560,1
3951,0
49,1
5437,0
10885,1
887,1
6261,1
6989,1
6043,1
2616,1
516,1
3168,1
2949,1
1424,1
139,1
1924,1
2378,1
3197,0
5131,1
112,1
4559,1
4595,0
5329,0
3250,0
4690,0
8588,1
3697,1
4546,1
9289,0
3277,1
7635,0
8106,0
4068,1
4408,0
7469,1
9458,0
8576,1
3222,0
9039,0
451,1
3731,1
9863,0
4986,1
3663,0
2763,1
658,1
5602,1
1855,1
4620,1
999,1
389,1
3407,0
6426,0
1476,1
2240,1
2386,1
10063,0
992,1
7032,1
4997,1
3922,0
2972,1
3386,1
6871,1
8744,0
10232,1
8336,1
4769,0
1293,1
1824,1
2873,1
4173,1
2535,1
10056,1
1907,1
42,1
10449,1
368,1
6033,0
1151,1
7007,1
1567,1
7726,0
9601,1
7915,0
7106,0
10097,1
4160,1
4287,0
2230,1
8166,1
174,1
1903,1
1099,1
8976,0
3408,0
1538,1
2292,1
10238,1
1363,1
4357,1
8063,0
5260,1
8242,0
8385,1
680,1
10658,1
8728,0
3664,1
10793,0
1661,1
508,1
166,1
5497,1
9134,1
1006,1
9192,1
1914,1
3494,1
10605,1
10727,1
7825,0
4990,0
2536,1
1104,1
3875,0
8878,0
1752,1
5310,1
5952,0
8343,0
2916,1
8947,0
5754,1
152,1
5230,1
8769,0
5679,0
3907,1
10059,1
2552,1
2773,1
10309,0
3551,1
3722,0
9066,1
520,1
10579,0
8807,0
9862,0
4538,0
6175,0
8218,0
7081,0
1822,1
4086,1
7467,1
9635,0
6896,1
1991,1
9702,1
309,1
4308,1
7859,1
8540,1
3599,1
3622,1
3811,0
6005,1
9586,0
3450,0
4591,1
205,1
10823,1
1135,1
6680,1
10332,1
2749,1
3613,1
305,1
1849,1
7826,0
9985,1
1988,1
3240,1
2798,1
4515,1
5630,1
8767,0
3109,1
4939,0
4059,0
1987,1
5934,0
9780,1
8045,1
383,1
5634,0
4307,1
3388,1
3156,1
6053,1
10994,1
6534,0
2727,1
9652,0
7633,1
9571,1
9137,0
10655,1
7342,0
3832,1
9593,1
4776,0
4276,0
253,1
7499,1
10560,0
2924,1
278,1
6771,0
3252,1
7596,1
2480,1
289,1
7396,0
3075,1
4073,0
2583,1
7775,1
6108,0
5089,0
6332,1
8129,1
8517,1
10693,1
9248,0
6850,1
9867,1
7435,1
4066,0
270,1
6009,1
8810,0
4570,0
3576,1
3565,1
2971,1
10826,0
9665,1
4207,0
3218,1
1391,1
6696,1
3975,1
4316,1
8145,1
2675,1
6897,1
1422,1
83,1
873,1
10576,0
10631,0
4557,1
4500,1
4647,1
9222,1
6470,1
2038,1
9915,0
10670,1
1132,1
2450,1
3954,0
2329,1
10047,0
6242,0
8380,0
5042,0
10311,1
4746,0
10315,1
9054,1
8895,0
8077,1
7722,1
7159,0
2401,1
5520,0
1216,1
9583,0
6020,0
8275,0
1064,1
3786,0
4410,1
5385,0
8209,0
5523,0
5996,1
9736,0
7225,1
5888,1
2161,1
3008,1
9620,0
1105,1
8095,0
692,1
2003,1
4956,0
8027,1
9332,0
4369,1
9785,0
2765,1
3929,0
8431,1
9627,1
10806,1
7769,1
628,1
2451,1
7586,0
8001,1
3824,0
9890,0
2652,1
10027,0
3743,0
2176,1
10895,1
6689,0
10199,1
3318,0
7706,1
2787,1
4105,0
10508,1
1676,1
3947,0
4444,1
2936,1
7322,0
8101,1
2837,1
5722,1
9835,0
2503,1
9335,0
2369,1
4967,1
5883,0
2217,1
5847,0
2218,1
3326,0
9164,0
7323,0
3583,0
10807,0
3619,0
6217,1
2468,1
7811,0
3115,1
85,1
9318,0
5973,1
2801,1
3671,1
3667,1
10775,0
10894,0
5158,0
6976,1
5725,0
4590,0
2019,1
3423,1
2525,1
8538,0
9551,0
3212,0
519,1
5366,0
10497,0
6593,0
2895,1
244,1
5930,0
4714,1
10140,0
3425,1
8193,0
3642,0
9614,1
8071,0
7567,1
8497,0
5509,0
6297,0
2001,1
885,1
869,1
6454,1
10663,0
9877,0
9743,1
5720,0
356,1
10896,0
5451,0
7160,1
9020,0
7257,0
7817,1
2743,1
6703,1
1275,1
1890,1
9573,0
6415,1
7991,1
10112,1
3563,0
5787,0
4958,0
1546,1
6193,0
2380,1
6474,0
3823,1
3232,1
9245,1
3306,0
492,1
3499,1
9107,1
1116,1
5637,1
9672,0
6146,0
10855,1
9673,0
8157,0
9055,1
6857,1
9485,1
6589,1
9988,0
3645,1
8248,0
2500,1
5677,0
8826,1
5241,0
7932,0
2783,1
6158,0
3809,1
8052,0
9526,1
2993,1
1696,1
5685,0
2295,1
9056,0
6504,1
5939,1
2052,1
1776,1
9033,1
3313,1
4781,0
6632,0
9313,0
9473,0
1592,1
1723,1
215,1
9680,0
6707,0
9088,1
490,1
10057,1
3483,0
7006,0
5102,0
5187,1
3431,0
6599,0
7873,0
460,1
6410,1
7506,1
8371,1
6650,0
5513,0
10443,1
25,1
3512,0
2409,1
3270,0
5209,0
9600,0
1552,1
10129,1
9497,1
6683,1
3871,1
7310,0
3402,1
4529,1
979,1
2655,1
1847,1
8897,0
9072,1
8439,1
8526,0
5721,0
515,1
9053,0
10619,0
9132,0
1102,1
3276,1
7864,1
5345,1
2657,1
9994,1
9177,0
3996,0
194,1
4711,0
643,1
9234,0
3285,0
3116,1
7872,0
3575,1
6872,0
9938,0
4320,0
7852,0
10991,1
2207,1
4552,0
4402,0
9749,0
7395,1
3718,1
972,1
4579,0
6516,1
6698,0
719,1
7928,1
6155,0
10383,1
3896,0
2803,1
2566,1
4025,1
6198,1
32,1
9143,0
9734,1
10800,0
4063,0
9858,1
7301,1
5540,0
1697,1
2792,1
2222,1
5818,1
10636,0
3764,0
3866,0
7797,0
9543,0
9848,0
8114,1
2512,1
3758,1
2831,1
3227,0
4214,0
3923,0
3904,0
2277,1
7001,0
8240,1
1401,1
739,1
6552,0
4266,0
10849,1
4979,0
3253,0
3851,0
9509,0
2661,1
7912,0
8265,1
674,1
7305,0
8404,1
7011,0
7839,0
3841,0
1815,1
10580,0
10821,1
10134,1
4653,0
3657,0
2100,1
5163,1
6708,1
1673,1
2101,1
4213,1
8650,1
7884,1
1548,1
8446,0
7779,1
3323,1
8501,0
355,1
5184,1
1461,1
8955,1
6631,0
10333,0
3220,1
939,1
10087,0
5147,0
7170,0
6417,0
5923,1
7430,0
8846,0
1751,1
3976,1
8695,0
1772,1
1196,1
1878,1
2668,1
3171,1
2016,1
2005,1
9104,0
3893,1
10990,0
3237,0
4424,0
4744,0
7695,1
10065,1
2078,1
5219,0
396,1
2788,1
2257,1
7914,0
4072,1
5574,1
9210,1
10466,1
5355,0
8486,1
6093,0
8938,0
1519,1
9023,1
1378,1
5672,0
1023,1
2587,1
9373,0
10744,0
5621,1
8718,1
5008,1
2857,1
10379,1
5771,0
5842,1
7122,1
8447,1
5832,1
1629,1
4888,1
4526,1
3523,0
5904,1
522,1
3607,0
10368,0
5220,0
7180,1
234,1
3988,1
3796,0
4118,0
6318,0
5001,1
7094,0
6775,0
3800,1
8672,0
3899,0
5024,0
1948,1
6361,0
470,1
2448,1
3492,1
6834,0
6091,1
7735,0
2671,1
10781,1
2224,1
1106,1
2188,1
818,1
7054,0
6755,0
5571,0
4523,1
5793,0
10329,1
9679,1
5738,1
2624,1
4728,1
10340,1
10905,1
10041,0
888,1
10094,1
8211,0
2437,1
6056,0
9261,1
817,1
9844,0
3414,1
6352,0
2341,1
10181,1
3167,1
1809,1
9430,1
8933,0
7161,0
1264,1
5086,1
8857,1
8891,0
7728,0
5835,0
7016,0
5194,0
10645,1
4449,1
4945,0
7457,1
4045,1
7911,0
3702,0
1035,1
10191,0
6919,1
5590,0
7226,0
1228,1
8509,0
7954,1
5149,1
5141,0
8235,0
6551,0
52,1
1011,1
6555,0
10897,0
7181,1
9241,1
159,1
8673,1
1587,1
1589,1
10824,0
10441,0
8852,0
10422,0
10273,1
6687,0
10285,0
8316,0
8024,1
6174,1
8845,1
9798,0
7480,1
3858,0
10796,0
10194,1
8137,1
2828,1
436,1
5789,0
10547,0
10419,0
10686,0
3878,0
1588,1
7398,0
2780,1
9894,1
9428,0
5686,1
3965,1
4727,1
973,1
1238,1
2951,1
7618,1
2342,1
7934,1
8536,0
6046,0
2158,1
10225,1
8013,0
1497,1
4545,0
6465,0
7355,0
7525,1
7823,1
7547,1
7913,0
4257,0
2422,1
9433,0
10591,1
5185,1
5647,1
357,1
5242,0
2130,1
10838,0
2092,1
5409,1
2015,1
9976,1
4044,1
187,1
909,1
7938,0
3655,1
3426,1
8470,0
1381,1
8626,1
413,1
7427,1
7551,0
5037,1
4897,0
3336,0
3606,1
3175,1
6846,1
2241,1
10684,0
8804,0
256,1
10007,1
200,1
8821,0
2235,1
4743,0
1767,1
4236,1
8185,0
9297,0
8455,0
1572,1
24,1
3363,0
1088,1
4674,0
2694,1
8689,0
3398,0
3559,0
10082,1
2841,1
2311,1
7537,1
9173,0
3234,1
7470,1
10258,1
4152,0
1309,1
695,1
10320,1
8111,0
3752,0
6337,1
1227,1
1999,1
276,1
4221,1
2367,1
5929,0
2953,1
3637,1
3906,0
4778,1
5845,1
10674,1
4117,0
2527,1
1137,1
2767,1
2334,1
8763,1
7661,1
942,1
8735,1
8205,1
2490,1
10653,1
9919,1
7742,1
6290,0
4935,1
3935,0
6880,0
8342,0
2384,1
8016,0
7084,1
115,1
1863,1
7496,0
10974,0
3119,1
4258,0
10754,0
902,1
2819,1
3822,0
8423,0
8292,0
10008,1
4699,0
9825,1
3802,1
9149,1
6068,0
5810,1
3536,1
3825,0
6642,0
10245,1
9482,1
4810,1
1946,1
9612,1
8432,1
5335,1
3488,1
1610,1
7269,1
8621,1
7929,0
8387,1
7166,0
4677,0
4959,1
6963,0
5867,1
9659,1
7471,1
4761,1
2194,1
882,1
7696,0
5701,0
7691,0
5113,0
557,1
8952,0
5139,1
1207,1
976,1
7684,0
10908,1
1510,1
6538,1
3829,0
3732,1
8893,0
3211,0
3630,1
1708,1
1845,1
266,1
5985,0
1140,1
3162,0
6207,1
2046,1
3730,0
1909,1
2211,1
2660,1
656,1
6660,0
1307,1
2567,1
8020,0
998,1
8603,0
2834,1
10534,0
10107,0
5880,0
1237,1
2151,1
9367,1
3835,0
10671,0
9228,1
10038,1
6578,0
5091,1
2186,1
9508,1
1134,1
5004,1
6626,1
10886,0
1303,1
9317,1
1627,1
8833,1
1522,1
10791,1
358,1
138,1
299,1
1556,1
5099,0
382,1
9148,0
8328,0
7664,0
4857,0
10834,0
3180,1
1439,1
8430,0
5673,0
7042,0
946,1
2390,1
5498,1
4916,1
8021,0
10163,0
2721,1
1932,1
2352,1
7656,1
3236,1
3140,0
4163,0
10132,0
9123,0
3807,0
10437,0
1936,1
9811,0
6781,1
8295,0
4154,0
4172,1
796,1
2416,1
8457,1
6139,0
785,1
8395,1
6789,0
3158,1
7202,0
8036,1
123,1
10415,1
5668,0
2172,1
2169,1
6628,0
4009,1
10951,0
4340,1
910,1
6268,1
2309,1
6591,1
4458,1
7597,0
8488,0
10274,0
4652,0
6218,1
442,1
3415,0
9630,1
8466,1
8657,1
5744,0
1054,1
3699,0
929,1
6468,0
1829,1
8542,1
8982,0
2011,1
913,1
7611,0
9080,1
8506,1
2606,1
4928,0
6564,0
8985,1
6,1
7835,0
6583,0
3361,0
8614,0
1635,1
1141,1
359,1
2070,1
3134,1
5160,0
6990,0
3243,1
2242,1
1474,1
9460,1
3259,1
4020,0
9733,1
3500,0
2658,1
9303,1
1130,1
1819,1
7461,1
8665,0
8635,0
9012,0
7064,0
4318,0
4669,1
5476,1
10819,1
9658,0
1856,1
2282,1
9581,0
4008,0
6401,0
10918,0
10206,0
386,1
1628,1
9281,0
10264,0
7718,0
8483,0
10965,0
1842,1
2497,1
201,1
8861,0
3868,0
5054,1
5889,0
2702,1
7922,0
331,1
3808,0
935,1
1774,1
8694,1
10072,0
989,1
5443,0
9188,0
6993,1
9416,1
5806,1
9625,0
9585,0
6574,1
3052,1
9563,1
4615,0
3321,0
9927,0
6246,0
6048,0
3311,0
8594,0
10325,0
8210,0
3628,0
9768,1
1356,1
5002,0
8578,0
5823,1
10461,0
5670,1
3112,1
182,1
9763,0
855,1
9288,0
4912,1
9406,1
1800,1
10186,0
5482,1
9186,0
1968,1
9567,1
8992,1
4697,0
4987,0
4650,0
1159,1
8552,1
1325,1
8687,0
4796,1
6796,1
5808,0
10852,1
1455,1
5410,0
8333,1
2800,1
7616,1
9861,1
7815,0
4378,1
9429,0
6716,1
3736,0
2261,1
7429,0
4005,1
2394,1
1185,1
2007,1
193,1
5525,1
771,1
1478,1
1846,1
3740,1
7986,1
405,1
10500,1
9418,1
6317,1
6581,1
1447,1
342,1
7468,0
727,1
4577,0
3516,1
9797,0
8900,1
7156,1
7851,1
1348,1
660,1
1492,1
9392,0
5154,1
10545,0
2524,1
8504,0
9329,0
5374,1
3198,0
5717,1
8413,1
10022,1
9069,1
8259,0
8870,0
40,1
9741,1
6816,0
8485,0
9006,1
2723,1
10114,0
9447,1
10713,1
7155,1
8481,0
10153,1
7230,0
5075,0
7880,0
5394,0
9420,1
7789,0
10281,0
4088,1
1967,1
9902,1
9701,0
10954,1
6999,1
423,1
9449,0
6142,0
5661,0
4596,1
2659,1
141,1
2597,1
6701,0
1377,1
3674,1
10883,1
6362,0
10308,0
4741,0
1138,1
7374,0
1787,1
8858,1
4646,0
7568,1
459,1
6115,0
8179,1
948,1
6370,0
4628,0
7358,0
5925,1
6040,1
441,1
6659,0
3830,1
10343,1
6144,1
9969,0
6344,1
1958,1
155,1
4578,1
1089,1
6049,1
7950,0
1674,1
6763,1
9233,0
6416,0
2326,1
7096,0
9462,0
8688,0
6450,1
1715,1
8381,0
3831,1
6299,0
3348,0
10478,0
587,1
10482,0
2990,1
10217,0
8726,1
9777,1
264,1
9414,0
6788,1
9376,0
3864,1
6274,0
10784,0
3711,1
8438,1
1529,1
9052,1
923,1
8674,0
7329,0
4364,0
669,1
3604,0
5108,1
5248,1
7183,1
2591,1
5906,0
6509,0
7133,0
2307,1
3690,0
687,1
612,1
7167,0
8721,0
3200,0
6629,1
4135,0
1898,1
282,1
258,1
10375,0
4943,0
2822,1
3525,0
10630,0
5223,0
2285,1
6063,0
8078,1
4654,1
5000,1
6710,0
10268,0
5416,0
475,1
2555,1
8087,0
7,1
6411,0
10092,0
10532,0
5546,1
2426,1
6744,0
10597,1
2274,1
1577,1
7264,1
3970,0
5879,0
9276,0
10271,1
7193,1
3867,1
10365,0
6823,0
7548,1
781,1
1749,1
6519,1
5774,1
2324,1
5055,1
9935,0
1727,1
610,1
4666,0
5413,0
8103,0
8174,0
8535,1
3750,0
97,1
6985,0
3137,0
1537,1
3648,1
1517,1
10295,1
4624,0
6566,1
2090,1
7097,1
6171,0
7521,1
572,1
9991,0
3062,1
597,1
6633,1
7875,1
7345,0
6304,0
10393,1
5976,0
8562,1
1938,1
8100,0
1753,1
3670,0
8863,0
2361,1
4260,0
5432,1
6285,0
8696,1
10420,0
8654,0
9426,0
5591,1
1171,1
7927,1
8880,1
10296,0
8923,0
10091,0
874,1
2297,1
10243,1
2643,1
5347,0
10927,1
581,1
204,1
7896,1
2014,1
905,1
631,1
8461,1
9189,1
1974,1
162,1
4998,1
4713,0
1431,1
6868,1
10062,1
7710,1
7736,1
4283,1
7531,0
10464,1
3384,0
10528,0
8963,0
9187,1
7462,1
3331,1
6404,0
2096,1
9253,0
7999,1
5017,1
1449,1
6900,0
2610,1
1900,1
8186,1
3920,0
2757,1
6397,1
9549,0
2097,1
8329,0
5624,1
3471,1
8266,0
2171,1
10164,0
10113,0
8590,1
2010,1
10772,1
1283,1
10567,0
1019,1
8667,0
2810,1
10024,1
1651,1
10582,1
1169,1
6256,1
5469,1
9616,0
867,1
5093,0
5433,0
541,1
10820,0
6354,0
10278,0
3390,1
10484,0
10926,0
3959,1
6643,0
6841,1
9133,0
3586,1
8908,0
2563,1
5036,0
1080,1
5891,0
4966,0
2023,1
9900,1
7909,0
9608,0
7321,0
226,1
1013,1
1929,1
5251,1
2179,1
697,1
1124,1
7378,1
9046,0
5110,1
7902,0
1778,1
8798,1
2634,1
7544,1
7604,0
3489,1
1037,1
9522,0
8505,0
2649,1
2979,1
2547,1
5132,0
2159,1
6445,1
3967,0
1428,1
10912,1
2520,1
8033,1
9511,1
10856,1
448,1
9343,0
5995,0
8856,1
3727,0
7353,0
8553,0
6279,1
9852,0
7295,1
6251,1
5926,0
2460,1
22,1
2066,1
1653,1
8706,0
1376,1
1724,1
3754,1
8652,0
4183,0
4082,0
8474,0
6579,0
4558,0
3537,1
7003,0
10427,0
646,1
6381,1
7527,0
10673,1
7165,1
8805,0
7697,1
10356,0
4875,1
9466,0
5341,1
7031,0
2160,1
685,1
2461,1
7128,0
6267,1
4941,1
5946,0
4583,1
5784,1
7569,0
521,1
8714,0
3983,1
10524,1
780,1
9060,0
5607,1
5978,1
3747,0
2196,1
8561,1
10872,1
4285,1
8569,1
6979,1
1827,1
10646,0
2376,1
8551,0
3839,1
1246,1
7504,1
6511,0
5439,0
10539,0
10696,0
5510,0
5330,0
4531,0
365,1
10981,0
147,1
1668,1
9748,0
7650,1
8599,0
7788,0
3456,0
3271,0
4940,1
6230,0
9813,1
8943,1
3926,1
9411,0
8080,1
78,1
7088,0
2247,1
9095,0
10941,1
7451,0
2279,1
8123,0
3897,0
9423,0
7177,0
10410,0
3631,0
9501,0
6272,0
8616,0
392,1
3191,0
16,1
4200,0
2672,1
6164,0
3493,0
7394,0
4839,1
593,1
10254,0
8737,1
5827,1
7961,0
5887,0
2355,1
6036,0
4798,1
9525,0
4592,0
8656,0
163,1
10197,0
10387,0
10757,0
7380,0
10952,0
6356,0
5542,0
6007,0
7993,0
7638,0
6793,0
7758,1
4837,0
2293,1
6548,0
7898,1
4481,0
3716,1
6140,0
1549,1
2044,1
767,1
5693,0
7870,1
7857,0
3302,0
4517,0
9995,0
3292,0
1403,1
1382,1
6928,1
5671,1
1638,1
10777,1
6907,1
8591,1
6406,1
1179,1
5448,1
5078,1
8648,1
5175,1
689,1
9758,0
6525,1
10803,0
6488,0
7154,0
9270,0
6610,1
9436,1
4349,0
1884,1
9518,1
2494,1
5947,0
3036,1
5777,1
845,1
8734,0
7967,0
9338,1
7340,1
9921,0
9124,0
7137,0
2964,1
2529,1
5772,1
1048,1
7045,0
1960,1
2530,1
8429,0
4917,1
5901,0
8286,1
4259,0
5656,0
6097,0
5907,1
7373,1
2978,1
9767,0
10240,1
6721,0
7842,1
8264,0
9663,0
3138,0
8325,1
10922,0
1826,1
5548,0
8785,0
560,1
9707,1
8435,0
5435,1
4437,0
8597,0
1442,1
8453,1
4406,1
10494,0
1689,1
10854,0
10607,0
5962,0
2496,1
9027,0
340,1
2408,1
9199,1
5782,0
4576,0
3725,0
2785,1
1012,1
5280,1
4895,0
7121,0
6549,1
4037,0
148,1
285,1
10625,0
8555,1
9256,0
6770,0
4443,1
7446,1
236,1
10554,0
7123,1
9197,0
3083,1
632,1
6813,0
2493,1
2665,1
10431,1
9271,0
9324,1
4211,0
3874,0
2817,1
9100,1
10797,0
9893,1
7426,0
9475,0
9327,0
10130,0
1735,1
7397,0
4255,1
9121,0
2475,1
10982,1
3713,0
9891,1
1804,1
707,1
10121,0
5189,0
5472,1
72,1
7843,1
5101,0
6764,1
1125,1
1241,1
9085,1
2349,1
6602,0
6780,0
4358,1
1343,1
10987,1
9565,0
10542,0
8632,0
6652,0
1100,1
8841,1
7327,0
7622,0
987,1
2852,1
8853,1
630,1
1249,1
3179,0
482,1
3040,1
5010,1
9619,1
7000,1
3273,0
7227,0
3683,1
6674,1
6807,0
10715,0
1316,1
3225,1
1072,1
4815,1
9306,0
5752,1
10070,1
4616,0
3097,1
6869,1
1300,1
7285,0
6284,0
5495,1
5291,1
1798,1
5203,0
8227,1
5047,0
6441,1
8636,1
8105,0
2359,1
10328,1
3654,1
7052,1
1286,1
10049,0
4445,1
2137,1
6787,1
10729,0
9369,1
9878,0
6894,1
9438,1
8564,1
7151,1
963,1
6012,0
4882,0
140,1
9948,0
8906,0
6936,1
6542,1
5243,1
4431,1
406,1
8212,0
9218,0
9505,0
9135,1
8234,0
4399,1
5252,0
11,1
4760,1
1177,1
2863,1
6471,1
6228,0
2989,1
7117,0
7010,0
9424,1
8927,0
1440,1
10724,0
2875,1
9108,0
10017,0
9688,1
7232,1
3726,1
2772,1
454,1
9013,0
8189,0
1367,1
3712,1
10837,0
1388,1
9042,0
1000,1
7761,0
3553,0
4114,0
1667,1
3173,0
10345,0
488,1
3230,1
3828,0
9531,1
5208,0
7848,1
5704,1
10612,1
8133,0
703,1
5105,1
9800,0
3291,0
8125,1
10603,1
9936,0
4909,1
4440,0
986,1
10169,0
9979,1
7705,1
6257,0
6089,1
5238,1
1198,1
9987,0
7519,1
6812,0
9206,0
8320,1
7175,1
4470,0
891,1
1969,1
5757,0
6527,0
6294,0
7595,0
9110,0
3249,1
6570,1
6638,0
7351,1
10100,1
7473,1
10137,1
9557,1
1239,1
2289,1
2740,1
8467,1
4585,0
9227,0
1229,1
9200,1
6980,0
5178,0
4293,1
1058,1
6262,1
281,1
9235,0
968,1
3953,0
1939,1
9312,0
1274,1
619,1
10128,0
1742,1
1390,1
2203,1
3568,0
6116,0
10967,0
6052,0
3178,0
3192,0
6099,1
7029,0
575,1
6656,0
7115,1
9703,0
6276,1
9897,0
5897,0
5724,1
269,1
629,1
3081,1
3466,1
6430,0
10252,1
7062,1
10704,0
5543,0
4356,0
2113,1
8219,1
3216,1
3814,0
8321,0
9459,1
2278,1
4599,0
13,1
10158,1
1525,1
2365,1
4648,0
374,1
9380,1
6477,1
525,1
9131,1
6895,1
3591,0
7904,1
2958,1
529,1
3714,1
4732,1
1394,1
5631,1
6563,0
4703,0
1712,1
10733,0
955,1
6675,0
3453,1
8595,0
2071,1
10717,0
158,1
7005,0
9094,0
352,1
6078,0
6236,0
8946,0
10975,0
2920,1
8503,1
4644,1
661,1
7057,0
3665,1
7979,1
306,1
4790,0
2356,1
1927,1
10276,1
3427,0
8941,0
3638,0
1266,1
1560,1
7179,0
4109,1
7867,0
4904,0
7294,0
514,1
894,1
8601,1
21,1
899,1
207,1
458,1
2430,1
8442,1
9299,0
3389,1
3911,0
5383,0
8907,1
552,1
3144,0
6917,1
2056,1
1925,1
634,1
6082,1
8508,1
10207,0
10652,0
8619,0
9464,1
105,1
3041,1
1709,1
89,1
7014,0
3174,1
917,1
7833,1
6732,1
1949,1
6368,1
1,1
8032,1
6047,0
9127,1
10143,1
2720,1
8783,0
10794,0
3117,1
10423,1
3762,1
213,1
778,1
3496,1
9718,1
2043,1
8920,0
5420,1
6154,0
8357,0
9595,0
8465,1
4167,0
3788,0
8586,0
583,1
10900,1
10984,1
116,1
6644,0
10541,1
10944,0
10746,1
9870,0
8712,0
1763,1
1875,1
3224,0
526,1
7725,1
2946,1
4473,1
5655,1
8884,0
6059,0
959,1
6342,0
3633,1
1050,1
8782,1
8711,1
3380,1
3676,0
5776,1
9962,0
6573,0
5179,0
1607,1
3610,1
10736,0
6635,0
10996,0
791,1
8984,1
3056,1
1980,1
3598,1
933,1
7424,0
5626,1
1682,1
4179,0
6446,1
4116,1
988,1
2896,1
3778,1
5658,0
3093,1
3155,1
1823,1
10594,1
1098,1
2844,1
9078,1
3342,1
38,1
6540,1
10294,0
8707,1
3356,0
7813,0
9098,0
8220,0
10182,0
2428,1
5043,1
5346,0
8954,0
4811,0
8476,0
686,1
4799,0
7437,0
2353,1
6353,0
4569,1
8213,0
2752,1
9077,0
8073,0
9109,1
1040,1
7491,1
1265,1
10201,0
7059,0
277,1
5084,1
9437,1
2382,1
571,1
1435,1
9439,0
5352,0
5445,1
1007,1
4543,1
9717,1
2064,1
1136,1
5343,0
294,1
8780,0
2403,1
3998,0
3741,1
10155,0
2719,1
10131,1
5150,0
2808,1
9017,0
556,1
9834,0
4795,0
2469,1
3738,0
4286,1
2604,1
362,1
6924,0
1704,1
2139,1
3239,1
2383,1
7314,0
4311,1
9477,1
1312,1
3930,0
6183,0
1591,1
10335,0
2162,1
2396,1
317,1
9516,0
5233,1
5068,0
4036,1
8987,0
3020,1
8228,0
9105,1
5295,0
3972,0
5370,0
4133,0
974,1
7291,0
9175,1
954,1
9547,1
10247,0
5016,1
10707,0
9179,1
7490,0
1640,1
1290,1
1380,1
1933,1
4675,1
892,1
7287,1
4876,0
7906,0
8194,0
10327,0
9041,1
2466,1
7657,0
1913,1
2736,1
726,1
7214,1
8245,0
1796,1
3845,1
6402,0
936,1
2265,1
824,1
7274,0
1389,1
3564,1
9076,0
5429,1
7827,0
5690,0
7878,0
1868,1
8202,0
7486,0
806,1
4805,1
9727,0
10077,0
9155,1
7511,0
8056,0
4494,1
2632,1
9807,1
8896,0
8623,0
7832,1
4388,0
145,1
6467,0
2033,1
10050,0
1165,1
2050,1
3760,0
4435,1
3430,1
8190,1
9649,1
7069,1
4361,0
9454,0
1771,1
3511,0
271,1
8436,1
2032,1
9005,0
10638,0
3810,1
4346,0
545,1
3241,1
8930,1
8502,1
9323,0
10907,1
7564,0
920,1
10256,0
6640,0
7694,0
8230,1
7126,0
4278,0
2983,1
130,1
7980,0
2667,1
7138,0
3223,0
9374,0
7693,0
5392,1
614,1
10891,0
1466,1
4497,0
3042,1
9126,0
2419,1
5085,0
3294,1
6737,1
1500,1
9018,0
1521,1
10039,1
4232,0
7686,1
8820,0
4430,0
390,1
10845,1
7124,1
5913,0
8592,0
4806,0
9864,1
8238,1
8044,0
10762,0
3993,1
10513,0
6609,0
5319,0
10825,1
7119,0
2421,1
5604,0
1750,1
9930,1
10694,1
338,1
8407,1
1341,1
10506,0
7982,0
3640,1
329,1
9731,0
3004,1
6960,0
4090,1
2322,1
6667,1
7009,1
4197,0
3549,1
9650,0
8363,0
4203,1
10251,0
9846,0
6185,0
1639,1
9130,0
60,1
1240,1
5760,1
5136,0
2343,1
2120,1
1524,1
7617,1
153,1
481,1
6122,1
7674,1
7101,1
1762,1
8942,0
7715,1
9999,0
7479,0
6212,1
4853,1
2711,1
6766,0
4150,0
1333,1
10358,0
8378,0
9328,0
10337,0
10683,1
10043,0
3850,0
8340,0
4124,1
10585,0
4788,0
2866,1
1386,1
5941,1
3067,1
9975,0
3629,0
10413,1
9859,1
3028,1
2969,1
8646,0
6136,0
8801,0
4263,0
645,1
10956,0
2074,1
341,1
8041,0
1622,1
7141,0
5796,0
7184,1
8232,0
5475,0
10187,0
74,1
10882,1
8633,0
10162,1
2051,1
2541,1
1301,1
5877,1
7368,1
1304,1
8428,0
10012,0
2599,1
2573,1
3186,0
2768,1
4831,1
4223,0
10623,1
2106,1
2679,1
1387,1
9840,1
10633,1
7083,0
1279,1
804,1
1555,1
10444,0
4566,0
10643,0
4841,0
3594,0
6035,0
6852,1
8705,1
4177,1
1308,1
9106,0
3452,0
3695,1
4242,0
2198,1
8966,1
4425,1
6150,1
943,1
822,1
5005,0
6612,1
8356,1
5619,1
4547,1
2538,1
9503,1
5207,0
10474,0
9923,0
3054,1
3675,0
7776,0
7218,0
6722,0
3300,0
3310,0
7221,0
8519,0
5954,0
832,1
3462,0
7643,0
54,1
3451,1
6305,1
1481,1
4873,1
8038,1
3335,1
6016,1
4926,0
9138,0
5797,1
10814,0
5083,0
6645,0
5490,0
768,1
2065,1
10459,0
7311,1
8477,0
10929,0
4524,0
2717,1
2079,1
8914,1
951,1
8058,0
2482,1
9181,0
1759,1
4422,0
6704,1
5182,1
8533,1
3701,1
4243,0
688,1
3432,0
4944,0
966,1
10442,1
2713,1
4757,1
10507,0
6320,1
5975,0
3572,1
5299,0
1990,1
1205,1
4971,1
10703,1
6783,1
3600,0
6490,1
8609,1
10976,0
8070,0
8577,0
7973,1
1625,1
536,1
8766,0
7970,0
4212,0
6456,0
3507,0
8393,1
9524,0
7112,0
2708,1
5031,0
6514,1
4662,1
4021,1
1854,1
10376,0
2872,1
3030,1
9397,1
1645,1
3417,0
3476,0
10514,1
1792,1
3797,1
3368,0
7196,0
10614,1
5109,0
6024,1
8795,1
10231,1
126,1
5959,1
3876,0
4451,0
7147,0
3531,1
827,1
9831,0
7790,0
984,1
7783,0
2443,1
8554,1
345,1
814,1
6166,1
5779,1
2116,1
793,1
6898,1
2674,1
94,1
4225,1
3756,0
2891,1
2371,1
10336,1
3228,1
7863,1
6359,0
10127,1
7326,0
6028,1
1865,1
4612,0
2645,1
2243,1
5373,1
2336,1
950,1
1120,1
2204,1
419,1
922,1
9446,1
8669,1
5408,0
5788,1
5742,1
7667,0
5567,0
8135,0
1202,1
5765,1
8389,0
1970,1
4018,0
3687,1
1997,1
4033,0
1248,1
2192,1
2712,1
9184,1
2190,1
4670,0
5142,0
5984,1
6565,1
7804,0
6943,1
9510,1
2136,1
1065,1
600,1
4227,1
7577,0
77,1
7546,1
2898,1
4820,1
9506,0
10242,0
6413,0
9444,0
9064,0
8007,1
5468,0
5951,1
3391,1
5415,1
2560,1
10879,1
8162,0
2635,1
5256,1
3530,0
8567,0
1908,1
235,1
1604,1
7984,1
9310,0
3490,1
1994,1
2824,1
10222,0
1342,1
8512,1
1619,1
5287,1
2060,1
10948,1
2219,1
9865,0
6038,1
260,1
10312,0
9093,1
3744,0
2026,1
6988,1
4234,1
1917,1
1828,1
9765,0
6233,0
10277,1
6283,0
4208,0
224,1
8915,0
10002,1
9333,0
6469,0
10363,0
846,1
4289,0
5560,1
2551,1
117,1
8837,1
5966,1
8195,1
8659,0
7489,1
5,1
5342,0
9111,0
4324,1
1063,1
2590,1
8434,1
9352,1
3735,0
3517,1
6986,0
6767,0
5622,0
1605,1
1733,1
10286,1
9504,1
3812,1
10596,1
1761,1
5401,1
2739,1
2472,1
6738,0
6891,1
7943,1
9685,0
4206,1
6371,1
9361,0
232,1
8258,0
7561,1
9795,1
6168,1
3596,0
6288,0
4632,0
125,1
7641,0
6229,0
1296,1
1976,1
10438,1
10389,0
5750,0
8152,0
3086,1
10213,0
6882,1
10246,1
7673,0
3345,0
8172,0
10371,0
5870,1
6506,0
2797,1
918,1
1646,1
5122,0
5126,1
4621,1
6809,0
364,1
2125,1
8150,0
8717,0
55,1
638,1
302,1
5811,1
1276,1
4432,1
3644,0
4143,0
2878,1
6493,1
5240,1
10357,1
6937,1
7240,1
9945,0
10160,0
2593,1
2393,1
523,1
6376,1
6981,0
6677,1
3900,0
10606,0
5585,0
10307,0
7956,0
7570,1
6777,0
10161,0
671,1
4188,1
666,1
3266,0
1887,1
8472,0
9911,1
9091,0
7687,0
6031,1
6090,1
6238,0
7350,0
7830,1
760,1
6254,0
1906,1
3818,0
6269,1
4300,1
5569,0
7941,1
4164,0
5971,0
3579,1
2832,1
5449,0
3472,0
6327,0
137,1
7043,0
4892,0
2180,1
7730,0
3177,0
4854,0
4637,1
5115,0
10241,0
7648,0
4261,1
1331,1
10209,1
7002,1
9550,0
6941,0
8017,1
6241,0
9521,0
10985,1
6881,1
4530,0
4673,1
6996,0
1252,1
3374,0
2814,1
4719,0
6544,1
10040,0
4858,1
7901,1
8580,0
8427,0
1077,1
10176,0
4363,0
770,1
8865,0
249,1
9766,0
7239,0
3419,1
10015,0
4976,1
4544,0
5565,0
7939,1
716,1
10626,0
2048,1
5997,0
6600,0
7245,0
4178,0
4809,1
10440,0
7140,0
7190,1
1460,1
5989,1
9860,0
2000,1
8175,0
404,1
384,1
10403,1
10445,1
1633,1
10517,0
4784,1
10414,1
6970,1
3925,0
4158,0
7449,1
8415,1
2193,1
10016,0
1015,1
5124,1
7418,1
7409,1
8989,1
2871,1
9,1
10136,1
1838,1
4804,0
255,1
7026,0
5713,1
3324,1
7714,1
1581,1
924,1
2779,1
7891,0
6132,0
5320,0
7312,0
7102,0
6042,0
3775,1
4835,0
4964,0
539,1
7483,0
2745,1
3719,0
6819,1
9337,1
4468,0
667,1
7575,1
8549,1
5063,0
1353,1
7114,0
10753,0
8662,1
2703,1
3330,0
8053,0
9588,0
3584,0
10395,1
5645,0
3376,1
1256,1
6190,0
9442,0
5348,0
4175,0
4910,0
1852,1
6316,0
10840,0
2105,1
133,1
5029,1
928,1
823,1
7576,0
1531,1
1214,1
504,1
10188,0
6530,0
3072,1
10150,0
9576,0
9086,0
8647,1
6619,0
9273,0
3709,0
10550,0
4849,0
4748,0
4268,0
10866,1
8905,1
4186,0
5301,0
2923,1
6588,0
1810,1
3486,1
7419,1
3141,1
10019,0
9347,1
1324,1
4312,0
7494,0
8702,1
9872,0
8691,0
10462,1
10048,0
9580,0
5541,0
6172,0
1540,1
9409,0
2681,1
10870,1
6313,1
1191,1
5293,1
1542,1
7056,0
2539,1
953,1
7241,1
6731,0
4846,0
6801,0
8010,0
4330,1
8924,0
5334,0
7330,0
9348,0
4729,0
6541,0
5305,1
5161,0
7860,0
2156,1
1062,1
1167,1
3636,1
7651,0
5588,1
7192,0
4491,0
7266,1
4980,0
8335,1
10945,1
4946,1
2782,1
717,1
10011,1
2502,1
4360,1
4171,0
8082,0
10739,0
395,1
7186,0
10932,1
4492,0
1365,1
10558,1
8787,0
5917,0
4968,0
2914,1
5644,1
3766,0
3440,0
7357,1
6806,0
9879,1
2143,1
5104,0
5073,1
1571,1
4079,0
1122,1
2786,1
2967,1
2504,1
5988,1
8867,1
7164,0
728,1
7587,0
7543,1
412,1
9708,1
5745,0
7668,1
825,1
3267,1
3974,0
8808,1
8306,1
417,1
9817,0
6748,0
8967,0
2082,1
8945,0
3373,0
5726,0
4107,1
4380,1
7723,1
1066,1
3913,0
5536,0
8002,0
5387,1
5732,1
2738,1
5052,1
4000,1
9760,0
2427,1
6833,1
10123,0
1687,1
851,1
6303,0
9087,0
5878,0
8527,0
2839,1
4611,1
9540,0
9207,0
9823,0
2489,1
6905,1
7390,1
2849,1
6665,1
5881,1
10262,1
4452,0
9949,0
7421,0
9827,1
6484,1
2479,1
6617,0
10457,0
2141,1
5188,1
10680,1
2744,1
7253,0
3506,1
1679,1
4249,0
3147,0
8130,0
10486,0
7004,1
580,1
9662,1
4070,1
3343,0
7404,1
3672,1
559,1
5237,0
7805,1
512,1
1081,1
1664,1
9204,0
1931,1
10640,1
1150,1
2838,1
5949,0
8308,0
8932,0
10768,1
5177,0
830,1
8311,0
4752,0
10737,0
10698,1
635,1
4465,1
6799,0
7987,0
7079,1
6966,1
4142,1
7027,1
9183,1
876,1
4869,0
5315,1
5222,0
4,1
3051,1
5691,0
3124,1
2491,1
3854,1
4777,1
9907,0
7509,1
6457,0
6293,0
1148,1
574,1
3769,0
4146,0
853,1
10174,1
5919,0
9358,1
6614,0
6002,0
9163,0
4495,1
8173,0
6655,0
2368,1
4780,1
7992,0
2950,1
5625,1
6971,1
8716,1
1841,1
5986,1
537,1
2806,1
5801,0
5596,0
7206,1
7343,0
7560,1
8096,1
784,1
1409,1
154,1
7806,1
3009,1
1686,1
4014,0
7455,0
3863,0
2733,1
1895,1
5442,0
569,1
6709,1
5854,0
1816,1
10257,0
8319,1
3394,1
3327,0
10980,1
6102,1
2975,1
980,1
10492,0
190,1
9331,0
5088,0
699,1
10738,1
606,1
301,1
3420,1
10785,0
1060,1
3444,1
1069,1
2205,1
9435,0
7339,1
8208,0
7679,0
4642,1
7683,1
9007,0
7996,1
5600,1
9151,1
7022,0
4893,0
225,1
3354,0
5895,0
10677,0
8754,1
3436,0
1693,1
6893,0
1045,1
3446,1
8050,0
9146,0
10979,1
4735,1
4496,0
1218,1
6015,1
9719,1
3987,1
4911,0
9492,0
4493,1
6944,1
5699,1
8352,0
956,1
2869,1
4433,0
4973,0
2961,1
2200,1
98,1
10833,0
2557,1
8445,1
4199,1
9637,1
5539,0
1648,1
9888,0
6197,0
6295,0
4499,0
1154,1
2255,1
9874,1
3170,1
7400,0
10248,1
7158,0
3108,1
4548,1
5423,1
2049,1
9208,1
8815,1
10778,1
262,1
4061,0
5534,0
6616,0
8120,1
8155,1
1802,1
4736,0
2385,1
6694,1
5759,0
1959,1
2976,1
8680,1
1843,1
1734,1
2911,1
8338,0
1986,1
9561,0
6546,1
7098,0
2811,1
659,1
9986,1
2511,1
4282,0
9339,0
8800,1
6287,0
1930,1
7125,0
197,1
7777,1
2931,1
8004,1
2327,1
4389,1
8958,1
4218,0
202,1
3510,0
4931,1
5535,1
9925,1
5791,1
1707,1
5172,1
5249,0
6528,0
10831,0
5855,1
8164,1
854,1
4737,1
10352,0
698,1
3696,1
1636,1
7280,0
7554,1
3581,1
1291,1
6585,0
1853,1
5232,0
3763,1
3304,0
1495,1
7994,1
1998,1
663,1
3748,1
4413,0
5530,0
5575,0
8901,1
7526,0
9474,1
5864,0
6776,0
1306,1
7392,1
10429,1
5592,0
10230,1
9721,1
1663,1
5450,1
10924,0
10947,0
3627,0
2693,1
9789,0
10817,1
5915,1
3157,0
9914,1
6668,1
1059,1
4636,0
3242,1
1678,1
6892,0
6374,0
7574,1
1757,1
6019,0
5116,0
8755,1
7408,0
2790,1
863,1
7858,0
1484,1
7035,0
7721,1
5977,0
5134,0
206,1
4488,0
6938,1
9062,0
6910,1
502,1
7385,1
1028,1
3840,1
8110,0
5056,0
9762,0
8154,1
2731,1
8996,0
2454,1
7215,1
3104,1
8392,0
6278,1
3099,1
6184,0
10470,0
3561,1
5892,0
391,1
6736,0
5618,0
5258,1
9687,0
2695,1
2027,1
5463,0
2568,1
8006,1
64,1
2062,1
5276,0
7208,0
8684,1
8571,0
6331,0
4859,1
4887,1
9268,0
878,1
8529,0
7916,1
6863,0
7892,0
6439,0
7869,1
1016,1
9467,0
7629,0
995,1
10173,1
4297,0
161,1
5675,0
6873,1
9692,0
7989,0
3843,0
10805,0
1021,1
3073,1
7555,1
3943,0
1585,1
10147,0
3152,0
8226,1
775,1
10748,1
9670,0
7099,0
5486,1
6235,1
9555,0
7041,0
2612,1
7513,0
10233,0
8433,0
10253,0
10555,0
8792,0
10627,0
5393,0
8838,0
3890,1
3556,0
1528,1
1267,1
7734,1
1899,1
4658,0
3005,1
2734,1
189,1
9998,0
9167,0
2747,1
2047,1
7849,0
2558,1
9274,1
8666,0
6396,1
3385,0
4555,0
1184,1
6420,0
5051,1
5311,1
2433,1
6949,1
10583,0
769,1
1685,1
8322,0
5578,1
4426,0
466,1
6265,0
5734,0
5191,0
5390,1
860,1
7270,0
